name,gp,min,pts,fgm,fga,fg,3p_made,3pa,3p,ftm,fta,ft,oreb,dreb,reb,ast,stl,blk,tov,target_5yrs
James Young,31,10.7,3.4,1.2,3.3,35.3,0.5,2.1,25.8,0.5,0.9,55.2,0.3,1.1,1.4,0.4,0.3,0.1,0.2,0
Michael Anderson,65,18.5,7.4,2.9,5.8,50.1,0.0,0.1,0.0,1.5,2.7,57.1,1.8,2.7,4.5,1.0,1.0,0.3,1.2,0
Kobe Bryant,71,15.5,7.6,2.5,5.9,41.7,0.7,1.9,37.5,1.9,2.3,81.9,0.7,1.2,1.9,1.3,0.7,0.3,1.6,1
Darrin Hancock,46,9.2,3.3,1.5,2.6,56.2,0.0,0.1,33.3,0.3,0.8,41.0,0.3,0.8,1.2,0.7,0.4,0.1,0.7,0
Brent Price,68,12.6,3.9,1.5,4.1,35.8,0.1,0.7,16.7,0.8,1.0,79.4,0.4,1.1,1.5,2.3,0.8,0.0,1.3,1
Mike Batiste,75,16.6,6.4,2.6,6.2,42.2,0.2,1.1,22.2,0.9,1.2,78.4,1.1,2.3,3.4,0.7,0.6,0.2,0.9,0
Stephen Jackson,77,21.6,8.2,3.2,7.4,42.5,0.7,2.0,33.5,1.3,1.8,71.9,0.5,2.2,2.7,1.8,1.1,0.2,1.7,1
Dave Feitl,62,8.0,3.7,1.4,3.3,43.6,0.0,0.0,0.0,0.9,1.1,74.6,0.6,1.3,1.9,0.4,0.1,0.1,0.6,1
Larry Sanders,60,14.5,4.3,1.9,4.5,43.3,0.0,0.0,0.0,0.5,0.8,56.0,1.0,2.0,3.0,0.3,0.4,1.2,0.6,1
Mike McGee,39,9.0,4.9,2.1,4.4,46.5,0.0,0.1,0.0,0.8,1.4,58.5,0.9,0.4,1.3,0.4,0.5,0.1,0.9,1
Charles Shackleford,60,8.1,3.1,1.4,2.8,49.4,0.0,0.0,0.0,0.4,0.7,50.0,0.8,1.7,2.6,0.4,0.3,0.3,0.5,1
Gary Harris,55,13.1,3.4,1.2,3.9,30.4,0.4,1.9,20.4,0.6,0.9,74.5,0.4,0.8,1.2,0.5,0.7,0.1,0.7,0
Everette Stephens,35,6.0,1.9,0.7,2.1,31.9,0.1,0.3,20.0,0.5,0.6,77.3,0.3,0.3,0.7,1.1,0.3,0.1,0.8,0
Bob Sura,79,14.6,5.3,1.9,4.6,41.1,0.3,1.0,34.6,1.3,1.8,70.2,0.4,1.3,1.7,2.9,0.7,0.3,1.5,1
Matt Maloney,82,29.1,9.4,3.3,7.5,44.1,1.9,4.6,40.4,0.9,1.1,76.3,0.2,1.7,2.0,3.7,1.0,0.0,1.5,1
Christian Laettner,81,34.9,18.2,6.2,13.1,47.4,0.0,0.5,10.0,5.7,6.8,83.5,2.1,6.6,8.7,2.8,1.3,1.0,3.4,1
Kevin Love,81,25.3,11.1,3.9,8.5,45.9,0.0,0.2,10.5,3.3,4.1,78.9,3.4,5.7,9.1,1.0,0.4,0.6,1.5,1
John Stockton*,82,18.2,5.6,1.9,4.1,47.1,0.0,0.1,18.2,1.7,2.4,73.6,0.3,1.0,1.3,5.1,1.3,0.1,1.8,1
Eric Riley,47,4.7,1.9,0.7,1.5,48.6,0.0,0.0,0.0,0.4,0.8,54.1,0.5,0.7,1.3,0.2,0.1,0.2,0.3,1
Jay Vincent,81,32.4,21.4,8.9,17.9,49.7,0.0,0.0,25.0,3.6,5.0,71.6,2.2,4.7,7.0,2.2,1.1,0.3,2.4,1
Demetris Nichols,14,3.1,1.1,0.4,1.6,26.1,0.2,0.9,23.1,0.0,0.0,0.0,0.0,0.4,0.4,0.1,0.0,0.2,0.3,0
Jordan Crawford,42,24.5,11.7,4.6,11.9,38.4,0.8,3.0,25.8,1.7,2.0,86.9,0.7,1.8,2.5,2.8,0.9,0.1,2.0,0
Jacque Vaughn,45,9.3,3.1,1.0,2.7,36.1,0.1,0.2,37.5,1.1,1.5,70.6,0.1,0.8,0.8,1.9,0.2,0.0,1.2,1
Darnell Valentine,82,16.9,6.4,2.3,5.5,41.3,0.0,0.1,0.0,1.9,2.4,76.0,0.6,1.2,1.8,3.3,1.1,0.0,1.6,1
Daequan Cook,59,24.4,8.8,3.3,8.7,38.1,1.3,4.0,33.2,0.8,1.0,82.5,0.3,2.7,3.0,1.3,0.4,0.1,1.1,1
Eric Murdock,50,9.6,4.1,1.5,3.7,41.5,0.1,0.5,19.2,0.9,1.2,75.4,0.4,0.7,1.1,1.8,0.6,0.1,1.0,1
Dale Ellis,67,15.8,8.2,3.4,7.4,45.6,0.2,0.4,41.4,1.3,1.8,71.9,1.6,2.1,3.7,0.8,0.6,0.1,1.2,1
Nate McMillan,71,27.8,5.3,2.0,4.2,47.5,0.0,0.1,0.0,1.2,2.0,61.7,1.4,3.2,4.7,8.2,1.8,0.6,2.2,1
Harold Pressley,67,13.6,4.6,2.0,4.7,42.3,0.1,0.4,25.0,0.5,0.7,72.9,1.0,1.6,2.6,1.8,0.6,0.3,0.9,0
Anthony Avent,82,27.9,9.8,4.2,9.8,43.3,0.0,0.0,0.0,1.4,2.1,65.1,2.2,4.0,6.2,1.1,0.7,0.9,1.7,1
Paul George,61,20.7,7.8,2.9,6.5,45.3,0.7,2.3,29.7,1.3,1.7,76.2,0.6,3.1,3.7,1.1,1.0,0.4,1.1,1
Isaiah Rider,79,30.6,16.6,6.6,14.1,46.8,0.7,1.9,36.0,2.7,3.4,81.1,1.5,2.5,4.0,2.6,0.7,0.3,2.8,1
Kenny Anderson,64,17.0,7.0,2.9,7.5,39.0,0.0,0.2,23.1,1.1,1.5,74.5,0.6,1.4,2.0,3.2,1.1,0.1,1.5,1
Sedale Threatt,45,10.3,3.3,1.4,3.3,41.9,0.0,0.2,12.5,0.5,0.6,82.1,0.4,0.5,0.9,0.9,0.3,0.0,0.7,1
Tyus Edney,80,31.0,10.8,3.8,9.3,41.2,0.7,1.8,36.8,2.5,3.2,78.2,0.8,1.7,2.5,6.1,1.1,0.0,2.4,0
Cory Carr,42,14.9,4.1,1.7,5.1,32.9,0.1,0.7,16.7,0.6,0.8,75.0,0.2,1.0,1.2,1.6,0.5,0.2,1.1,0
Ledell Eackles,80,18.2,11.5,4.0,9.2,43.4,0.1,0.5,22.5,3.4,4.3,78.6,1.3,1.0,2.3,1.5,0.5,0.1,1.6,1
Mark Madsen,70,9.2,2.0,0.8,1.6,48.7,0.0,0.0,100.0,0.4,0.5,70.3,1.1,1.1,2.2,0.3,0.1,0.1,0.4,1
Mark Acres,79,14.6,3.6,1.4,2.6,53.2,0.0,0.0,0.0,0.9,1.4,64.0,1.3,2.1,3.4,0.5,0.4,0.3,0.7,1
Shavlik Randolph,57,8.5,2.3,0.8,1.7,45.4,0.0,0.0,0.0,0.8,1.2,60.6,1.0,1.4,2.3,0.3,0.3,0.2,0.4,1
Andrew Toney,75,23.6,12.9,5.3,10.7,49.5,0.1,0.4,31.0,2.1,3.0,71.2,0.4,1.5,1.9,3.6,0.8,0.1,2.9,1
J.J. Redick,42,14.8,6.0,1.9,4.6,41.0,0.9,2.3,38.8,1.3,1.4,90.0,0.2,1.0,1.2,0.9,0.3,0.0,0.5,1
Travis Williams,39,9.4,3.5,1.4,3.1,47.1,0.0,0.0,0.0,0.6,1.2,52.2,1.4,1.0,2.4,0.5,0.5,0.1,0.8,0
Milt Wagner,40,9.5,3.8,1.6,3.7,42.2,0.1,0.3,20.0,0.7,0.7,89.7,0.1,0.6,0.7,1.5,0.1,0.1,0.6,0
David Harrison,43,17.7,6.1,2.5,4.3,57.6,0.0,0.0,0.0,1.2,2.1,57.1,1.1,2.0,3.1,0.3,0.4,1.3,1.2,0
Eric Washington,66,23.3,7.7,3.0,7.5,40.4,0.7,2.1,32.1,1.0,1.3,78.3,0.7,1.2,1.9,1.2,0.8,0.4,1.1,0
Tim Kempton,66,14.2,4.4,1.5,3.1,47.1,0.0,0.0,0.0,1.4,2.1,69.3,1.1,1.9,2.9,0.8,0.6,0.2,0.7,1
Jae Crowder,78,17.3,5.0,1.8,4.7,38.4,0.8,2.5,32.8,0.6,0.9,64.4,0.4,1.9,2.4,1.2,0.8,0.2,0.6,1
Eddie Lee Wilkins,54,17.0,5.5,2.1,4.3,49.8,0.0,0.0,0.0,1.2,2.3,54.1,1.6,3.3,4.9,0.3,0.4,0.3,1.2,1
Luke Ridnour,69,16.1,5.5,2.1,5.1,41.4,0.4,1.2,33.8,0.9,1.1,82.3,0.5,1.1,1.6,2.4,0.8,0.1,1.2,1
Horace Grant,81,22.6,7.7,3.1,6.3,50.1,0.0,0.0,0.0,1.4,2.2,62.6,1.9,3.6,5.5,1.1,0.6,0.7,1.1,1
Charles Smith,71,30.4,16.3,6.1,12.4,49.5,0.0,0.0,0.0,4.0,5.5,72.5,2.4,4.1,6.5,1.5,1.0,1.3,2.1,0
Allan Houston,79,19.2,8.5,3.4,8.5,40.5,0.4,1.5,29.9,1.1,1.4,82.4,0.2,1.3,1.5,1.3,0.4,0.2,1.3,1
Steven Smith,61,29.6,12.0,4.9,10.7,45.4,0.7,2.0,32.0,1.6,2.1,74.8,1.3,1.8,3.1,4.6,1.0,0.3,2.5,0
Trevor Ariza,80,17.3,5.9,2.2,4.9,44.2,0.0,0.2,23.1,1.5,2.2,69.5,1.1,1.9,3.0,1.1,0.9,0.2,0.9,1
Chris Engler,54,6.8,1.5,0.7,1.7,40.4,0.0,0.0,0.0,0.1,0.3,31.3,0.8,1.1,1.9,0.2,0.1,0.3,0.4,1
John Stroeder,41,6.6,1.9,0.7,1.9,36.7,0.0,0.0,0.0,0.5,0.7,66.7,0.6,1.1,1.7,0.5,0.1,0.3,0.6,0
Bruce Flowers,53,13.2,4.9,2.1,3.9,53.4,0.0,0.0,0.0,0.8,1.0,77.4,1.3,2.1,3.4,0.9,0.4,0.2,0.8,0
Mookie Blaylock,50,25.3,10.1,4.2,11.4,37.1,0.4,1.6,22.5,1.3,1.6,77.8,0.8,2.0,2.8,4.2,1.6,0.3,2.2,1
Derek Fisher,80,11.5,3.9,1.3,3.3,39.7,0.3,0.9,30.1,1.0,1.5,65.8,0.3,0.9,1.2,1.5,0.5,0.1,0.9,1
Earl Watson,64,15.1,3.6,1.5,3.3,45.3,0.3,0.7,36.4,0.4,0.6,63.9,0.5,0.8,1.3,2.0,0.9,0.1,0.8,1
Keon Clark,28,14.6,3.3,1.3,2.9,45.0,0.0,0.0,0.0,0.8,1.3,56.8,1.3,2.1,3.4,0.4,0.4,1.1,0.8,1
DeAndre Jordan,53,14.5,4.3,1.8,2.8,63.3,0.0,0.0,0.0,0.8,2.1,38.5,1.4,3.1,4.5,0.2,0.2,1.1,0.8,1
Eric Mobley,46,12.8,3.9,1.7,2.9,59.1,0.0,0.0,100.0,0.5,1.0,48.9,1.2,2.1,3.3,0.5,0.2,0.6,0.5,0
Randy Brown,56,9.6,3.4,1.4,3.0,45.6,0.0,0.1,0.0,0.7,1.0,65.5,0.5,0.8,1.2,1.1,0.6,0.2,0.8,1
Randy Woods,41,4.2,1.7,0.6,1.6,34.8,0.1,0.3,21.4,0.5,0.6,73.1,0.1,0.2,0.3,1.0,0.3,0.0,0.4,0
Charles Smith,60,8.7,2.9,1.0,2.2,44.4,0.0,0.1,0.0,0.9,1.3,69.7,0.2,0.9,1.2,1.7,0.6,0.1,0.6,0
Ryan Bowen,52,11.3,2.5,0.9,2.3,39.3,0.0,0.2,11.1,0.7,1.0,71.7,1.4,0.8,2.2,0.4,0.8,0.3,0.3,1
Sean Rooks,72,29.0,13.5,5.1,10.4,49.3,0.0,0.0,0.0,3.3,5.4,60.2,2.7,4.7,7.4,1.3,0.5,1.1,2.2,1
Terence Morris,68,16.3,3.8,1.6,4.3,38.4,0.2,1.1,19.2,0.3,0.4,64.3,1.1,2.0,3.1,0.9,0.3,0.4,0.7,0
Tarik Black,63,19.0,6.0,2.5,4.3,57.5,0.0,0.0,0.0,1.0,1.9,55.1,2.3,3.6,5.8,0.7,0.3,0.4,0.8,0
Vinny Del Negro,80,19.5,7.1,3.0,6.3,47.5,0.1,0.3,30.0,1.1,1.3,85.0,0.6,1.5,2.1,2.6,0.8,0.2,1.0,1
Delonte West,39,13.0,4.5,1.7,4.0,42.6,0.6,1.7,35.8,0.5,0.7,70.4,0.4,1.3,1.7,1.4,0.5,0.2,0.6,1
Cory Jefferson,50,10.6,3.7,1.5,3.3,44.9,0.0,0.3,13.3,0.6,1.1,57.4,0.9,2.0,2.9,0.3,0.2,0.4,0.4,0
Sam Perkins,82,28.3,11.0,4.2,9.0,47.1,0.1,0.4,25.0,2.4,3.0,82.0,2.3,5.1,7.4,1.6,0.8,0.8,1.2,1
Walter Berry,63,25.2,15.9,6.5,12.2,53.1,0.0,0.0,0.0,3.0,4.6,64.9,2.2,2.7,4.9,1.7,0.6,0.6,2.4,0
Jon Koncak,82,20.7,8.3,3.2,6.3,50.7,0.0,0.0,0.0,1.9,3.1,60.7,2.1,3.6,5.7,0.7,0.5,0.8,1.4,1
Scott Hastings,31,4.5,1.2,0.4,1.2,34.2,0.0,0.1,0.0,0.4,0.6,55.0,0.5,0.8,1.3,0.1,0.2,0.0,0.3,1
Walter McCarty,35,5.5,1.8,0.7,1.9,38.2,0.1,0.4,28.6,0.2,0.4,57.1,0.2,0.4,0.7,0.4,0.2,0.3,0.5,1
Patrick Patterson,52,16.7,6.3,2.9,5.1,55.8,0.0,0.0,0.0,0.6,0.8,71.4,1.7,2.2,3.8,0.8,0.3,0.7,0.6,1
Aaron Gray,61,10.0,4.3,1.7,3.3,50.5,0.0,0.0,0.0,0.9,1.6,56.6,1.1,1.6,2.8,0.7,0.3,0.3,0.9,1
Tamar Slay,36,7.6,2.6,1.1,2.9,37.9,0.2,0.7,28.0,0.2,0.3,70.0,0.2,0.6,0.9,0.4,0.4,0.1,0.6,0
Emeka Okafor,73,35.6,15.1,6.1,13.7,44.7,0.0,0.0,0.0,2.9,4.7,60.9,3.8,7.1,10.9,0.9,0.8,1.7,1.7,1
Mike Conley,53,26.1,9.4,3.6,8.3,42.8,0.6,1.7,33.0,1.7,2.3,73.2,0.4,2.2,2.6,4.2,0.8,0.0,1.7,1
Jeff Wilkins,56,18.9,4.7,2.1,4.6,45.0,0.0,0.0,0.0,0.5,0.7,67.5,1.1,3.8,4.9,0.7,0.6,0.8,1.1,1
Rory White,65,9.6,5.0,2.0,3.6,54.3,0.0,0.0,0.0,1.1,1.7,64.2,0.7,0.9,1.6,0.5,0.3,0.0,0.8,1
Glenn Robinson,80,37.0,21.9,8.0,17.6,45.1,1.1,3.4,32.1,5.0,6.2,79.6,2.1,4.3,6.4,2.5,1.4,0.3,3.9,0
DeQuan Jones,63,12.7,3.7,1.5,3.5,43.6,0.1,0.6,25.7,0.5,0.8,66.7,0.3,1.4,1.7,0.3,0.3,0.3,0.5,0
Antonio Davis,81,21.4,7.7,2.7,5.2,50.8,0.0,0.0,0.0,2.4,3.7,64.2,2.3,3.9,6.2,0.7,0.6,1.0,1.3,1
Antonio Daniels,74,26.4,7.8,3.1,7.4,41.6,0.1,0.7,21.2,1.5,2.3,65.9,0.3,1.6,1.9,4.5,0.7,0.1,2.2,1
Steve Scheffler,39,5.8,1.5,0.5,1.0,51.3,0.0,0.0,0.0,0.5,0.5,90.5,0.5,0.6,1.2,0.2,0.1,0.1,0.1,1
Dan Majerle,54,25.1,8.6,3.4,8.0,41.9,0.5,1.5,32.9,1.4,2.4,61.4,1.1,2.7,3.9,2.4,1.2,0.3,0.9,1
John Duren,40,11.5,1.8,0.8,2.5,32.7,0.0,0.0,0.0,0.1,0.2,55.6,0.2,0.7,0.9,1.4,0.5,0.1,0.9,0
Mitchell Wiggins,82,25.9,12.4,4.9,10.9,44.8,0.1,0.4,24.1,2.6,3.5,74.2,1.7,2.3,4.0,2.3,1.3,0.1,1.7,1
Terrence Rencher,36,11.3,2.9,0.9,2.8,33.0,0.3,0.8,31.0,0.9,1.3,67.4,0.3,1.0,1.2,1.5,0.4,0.1,1.2,0
Willie White,39,6.0,3.3,1.3,3.2,41.9,0.1,0.3,36.4,0.5,0.8,67.7,0.4,0.5,0.9,0.7,0.1,0.1,0.8,0
Kevin Pritchard,62,12.5,3.9,1.4,3.7,38.4,0.1,0.5,16.1,1.0,1.2,80.5,0.3,0.8,1.0,1.3,0.5,0.1,0.9,0
Wayne Robinson,81,19.7,7.9,2.9,6.3,46.0,0.0,0.1,0.0,2.2,3.0,72.9,1.4,2.2,3.6,1.4,0.6,0.3,1.8,0
Mario Elie,33,19.5,7.2,2.4,4.8,49.7,0.1,0.3,40.0,2.3,2.7,84.3,1.4,1.9,3.3,1.4,0.6,0.3,0.9,1
Antoine Walker,82,36.2,17.5,7.0,16.5,42.5,0.6,1.9,32.7,2.8,4.5,63.1,3.5,5.5,9.0,3.2,1.3,0.7,2.8,1
Hubert Davis,50,16.3,5.4,2.2,5.0,43.8,0.1,0.4,31.6,0.9,1.1,79.6,0.3,0.9,1.1,1.7,0.4,0.1,0.9,1
Terence Stansbury,74,17.3,7.1,2.8,6.2,45.9,0.1,0.3,16.0,1.4,1.7,81.0,0.5,1.0,1.5,1.7,0.6,0.2,1.1,0
Jamie Feick,28,30.4,6.3,2.4,4.8,50.0,0.0,0.0,0.0,1.5,2.1,71.7,4.0,6.3,10.3,0.9,0.9,0.6,1.2,1
Scott Williams,51,6.6,2.5,1.0,2.0,51.0,0.0,0.0,50.0,0.4,0.5,71.4,0.8,1.1,1.9,0.3,0.2,0.3,0.5,1
Bruce Kuczenski,15,7.9,1.9,0.7,2.5,27.0,0.0,0.0,0.0,0.5,0.8,66.7,0.5,1.1,1.5,0.5,0.1,0.1,1.0,0
Dee Brown,82,23.7,8.7,3.5,7.5,46.4,0.1,0.4,20.6,1.7,1.9,87.3,0.5,1.7,2.2,4.2,1.0,0.2,1.7,0
Otto Porter,37,8.6,2.1,0.9,2.5,36.3,0.1,0.6,19.0,0.2,0.3,66.7,0.6,1.0,1.5,0.3,0.2,0.0,0.4,0
William Avery,59,8.2,2.6,0.9,3.1,30.9,0.3,1.1,28.6,0.4,0.6,66.7,0.1,0.5,0.7,1.5,0.2,0.0,0.7,0
Bobby Cattage,49,6.9,3.1,1.2,2.8,44.4,0.0,0.0,0.0,0.6,0.8,73.2,0.4,1.0,1.5,0.1,0.1,0.0,0.4,0
Gerald Fitch,18,13.3,4.7,1.7,4.9,33.7,0.4,1.4,26.9,0.9,1.3,73.9,0.4,1.3,1.7,1.8,0.4,0.3,0.8,0
Gerald Paddio,70,16.9,7.2,3.0,7.2,41.9,0.1,0.3,25.0,1.1,1.3,79.6,0.5,1.1,1.7,1.3,0.3,0.1,1.0,0
Jeff Ayres,39,10.4,2.7,1.1,1.7,66.2,0.0,0.0,0.0,0.5,0.5,90.0,0.6,1.9,2.5,0.0,0.2,0.4,0.3,1
LaPhonso Ellis,82,33.5,14.7,5.9,11.7,50.4,0.0,0.2,15.4,2.9,3.9,74.8,3.3,5.7,9.1,1.8,0.9,1.4,1.9,1
Danny Fortson,80,22.6,10.2,3.5,7.6,45.2,0.0,0.0,33.3,3.3,4.2,77.6,2.3,3.3,5.6,1.0,0.6,0.4,2.0,1
Quinton Ross,78,21.3,5.1,2.1,4.8,43.2,0.0,0.1,25.0,0.9,1.4,67.3,0.8,1.9,2.7,1.4,0.7,0.3,0.7,1
Blue Edwards,82,23.0,8.9,3.5,6.9,50.7,0.1,0.4,30.0,1.8,2.5,71.9,0.8,2.2,3.1,1.8,0.9,0.4,1.9,1
Noah Vonleh,25,10.4,3.3,1.2,3.0,39.5,0.2,0.5,38.5,0.7,1.0,69.2,1.1,2.3,3.4,0.2,0.2,0.4,0.4,0
Henry James,37,13.6,8.1,3.0,6.9,44.1,0.6,1.6,40.0,1.4,1.9,72.2,0.7,1.4,2.1,0.9,0.4,0.1,1.0,1
Tyson Chandler,71,19.6,6.1,2.1,4.3,49.7,0.0,0.0,0.0,1.9,3.1,60.4,1.6,3.2,4.8,0.8,0.4,1.3,1.4,1
Anthony Miller,46,11.5,4.1,1.5,2.9,53.0,0.0,0.1,40.0,1.0,1.7,61.8,1.5,1.8,3.3,0.8,0.4,0.1,0.8,1
Anthony Brown,29,20.7,4.0,1.3,4.3,31.0,0.7,2.4,28.6,0.6,0.7,85.0,0.3,2.1,2.4,0.7,0.5,0.2,0.5,0
Dirk Minniefield,76,14.9,5.5,2.2,4.6,48.1,0.1,0.5,27.0,1.0,1.2,78.5,0.6,1.2,1.7,3.5,0.9,0.0,1.4,0
Richard Coffey,52,6.2,1.3,0.5,1.4,37.3,0.0,0.0,0.0,0.2,0.4,54.5,0.8,0.7,1.5,0.1,0.1,0.1,0.1,0
Lucious Harris,77,15.1,5.4,2.1,5.0,42.1,0.1,0.4,21.2,1.1,1.5,73.1,0.6,1.5,2.0,1.4,0.6,0.1,1.0,1
Vonteego Cummings,75,23.9,9.4,3.5,8.7,40.5,0.7,2.0,32.5,1.7,2.3,75.1,0.8,1.7,2.5,3.3,1.2,0.2,1.8,0
Dante Cunningham,63,11.2,3.9,1.7,3.4,49.5,0.0,0.0,0.0,0.5,0.8,64.6,0.9,1.7,2.5,0.2,0.4,0.3,0.2,1
Jay Williams,75,26.1,9.5,3.6,9.1,39.9,0.9,2.7,32.2,1.4,2.1,64.0,0.4,2.2,2.6,4.7,1.1,0.2,2.3,0
Billy Reid,59,10.1,3.2,1.4,3.1,45.4,0.0,0.1,0.0,0.4,0.7,56.4,0.5,0.6,1.0,1.2,0.6,0.1,1.3,0
Kenny Smith,61,35.6,13.8,5.4,11.4,47.7,0.2,0.6,30.8,2.7,3.3,81.9,0.7,1.6,2.3,7.1,1.5,0.1,3.0,1
Reggie Lewis,49,8.3,4.5,1.8,3.9,46.6,0.0,0.1,0.0,0.8,1.2,70.2,0.6,0.7,1.3,0.5,0.3,0.3,0.6,1
Greg Anthony,82,18.4,5.5,2.0,5.3,37.0,0.1,0.7,14.5,1.4,1.9,74.1,0.4,1.3,1.7,3.8,0.7,0.1,1.2,1
Wesley Johnson,79,26.2,9.0,3.4,8.6,39.7,1.3,3.7,35.6,0.8,1.2,69.6,0.6,2.4,3.0,1.9,0.7,0.7,1.2,1
Jim Les,82,9.5,1.7,0.5,1.6,30.1,0.0,0.2,7.1,0.7,0.9,78.1,0.3,0.8,1.1,2.6,0.3,0.1,1.1,1
Kenny Gattison,77,14.3,5.2,1.9,4.0,47.6,0.0,0.0,0.0,1.4,2.2,63.2,1.1,2.4,3.5,0.5,0.3,0.4,1.1,1
Mark Davis,33,7.8,3.8,1.5,3.1,48.0,0.0,0.3,10.0,0.8,1.0,82.4,0.5,0.6,1.1,0.4,0.4,0.1,0.4,0
Stephon Marbury,67,34.7,15.8,5.3,13.0,40.8,1.5,4.3,35.4,3.7,5.0,72.7,0.8,1.9,2.7,7.8,1.0,0.3,3.1,1
Eddie Robinson,67,16.6,7.0,3.2,5.8,54.9,0.0,0.1,0.0,0.7,1.0,73.4,0.8,1.9,2.7,0.5,0.7,0.4,0.6,1
Joey Graham,80,19.8,6.7,2.5,5.2,47.8,0.4,1.1,33.3,1.4,1.7,81.2,0.7,2.3,3.1,0.8,0.5,0.2,1.1,1
Darius Miller,52,13.3,2.3,0.8,2.1,40.7,0.4,1.1,39.3,0.2,0.2,100.0,0.2,1.3,1.5,0.8,0.3,0.2,0.4,0
Gary Grant,71,27.1,11.9,5.1,11.7,43.5,0.1,0.3,22.7,1.7,2.3,73.5,1.1,2.2,3.4,7.1,2.0,0.1,3.6,1
Eddie Griffin,73,26.0,8.8,3.3,9.1,36.6,1.2,3.7,33.0,0.9,1.2,74.4,1.6,4.1,5.7,0.7,0.2,1.8,0.6,1
Dan Dickau,50,10.3,3.7,1.4,3.4,41.2,0.4,1.2,36.1,0.4,0.5,80.8,0.2,0.7,0.9,1.7,0.3,0.0,1.1,1
Randy Breuer,57,8.3,2.9,1.2,3.1,38.4,0.0,0.0,0.0,0.6,0.8,69.6,0.8,1.1,1.9,0.3,0.2,0.7,0.6,1
Johnny O'Bryant,34,10.8,2.9,1.3,3.5,36.7,0.0,0.0,0.0,0.4,0.8,44.4,0.8,1.1,1.9,0.5,0.1,0.1,0.7,0
Greg Minor,63,15.0,6.0,2.5,4.8,51.5,0.0,0.2,16.7,1.0,1.2,83.3,0.8,1.4,2.2,1.0,0.5,0.3,0.7,1
Cory Higgins,38,11.1,3.9,1.4,4.2,32.5,0.1,0.5,20.0,1.1,1.6,70.0,0.2,0.7,0.9,0.9,0.1,0.2,1.0,0
Malcolm Brogdon,32,22.9,8.3,3.2,6.9,46.2,0.9,2.1,44.1,0.9,1.1,85.7,0.4,2.1,2.5,3.6,1.0,0.1,1.5,0
Roy Tarpley,75,18.7,7.5,3.1,6.7,46.7,0.0,0.0,33.3,1.3,1.9,67.6,2.4,4.7,7.1,0.7,0.8,1.1,1.4,1
Ashraf Amaya,54,20.4,6.3,2.2,4.7,48.0,0.0,0.0,0.0,1.8,2.8,65.1,2.1,3.5,5.6,0.6,0.4,0.2,1.1,0
Grant Hill,70,38.3,19.9,7.3,15.2,47.7,0.1,0.4,14.8,5.3,7.3,73.2,1.8,4.6,6.4,5.0,1.8,0.9,2.9,1
Bernard Thompson,59,9.1,3.3,1.3,3.6,37.3,0.0,0.1,0.0,0.7,0.9,76.5,0.6,0.7,1.3,0.9,0.5,0.2,0.6,1
Brian Roberts,78,17.0,7.1,2.7,6.6,41.7,0.8,2.0,38.6,0.9,1.0,90.9,0.2,1.0,1.2,2.8,0.5,0.0,0.9,1
Mark Blount,64,17.2,3.9,1.6,3.1,50.5,0.0,0.0,0.0,0.7,1.0,69.7,1.5,2.1,3.6,0.5,0.6,1.2,1.0,1
Troy Williams,24,17.4,5.3,2.1,5.1,41.8,0.4,1.7,24.4,0.6,1.0,60.0,0.3,1.6,1.8,0.8,1.0,0.4,1.1,0
Hassan Adams,61,8.1,2.9,1.2,2.2,55.6,0.0,0.0,0.0,0.4,0.6,66.7,0.6,0.7,1.3,0.2,0.3,0.1,0.4,0
Mustafa Shakur,22,7.2,2.3,1.0,2.7,35.6,0.0,0.5,10.0,0.4,0.7,53.3,0.3,0.7,1.0,1.1,0.2,0.1,0.8,0
Rickey Williams,44,7.9,3.3,1.3,3.1,41.5,0.0,0.1,0.0,0.8,1.2,66.0,0.3,0.5,0.9,0.8,0.5,0.1,0.9,0
John Starks,36,8.8,4.1,1.4,3.5,40.8,0.3,0.7,38.5,0.9,1.4,65.4,0.4,0.7,1.1,0.8,0.6,0.1,1.1,1
Chuck Person,82,36.0,18.8,7.7,16.6,46.8,0.6,1.7,35.5,2.7,3.6,74.7,2.0,6.2,8.3,3.6,1.1,0.2,2.6,1
Josh Childress,80,29.7,10.1,3.8,8.0,47.0,0.2,0.7,23.2,2.4,2.9,82.3,2.4,3.6,6.0,1.9,0.9,0.4,1.3,1
Frank Brickowski,78,14.3,4.9,1.9,3.9,49.2,0.0,0.1,0.0,1.1,1.6,66.9,1.0,2.4,3.3,1.3,0.4,0.2,1.3,1
Marcus Haislip,39,11.3,4.1,1.7,3.9,43.1,0.1,0.3,25.0,0.7,1.0,68.4,0.5,0.8,1.4,0.2,0.2,0.5,0.5,0
Mark Price,67,18.2,6.9,2.6,6.3,40.8,0.3,1.0,32.9,1.4,1.7,83.3,0.5,1.3,1.7,3.0,0.6,0.1,1.6,1
Kevin McKenna,36,6.6,1.9,0.8,2.4,32.2,0.0,0.1,0.0,0.3,0.5,64.7,0.5,0.3,0.8,0.4,0.3,0.1,0.6,1
Charles Smith,60,8.7,2.9,1.0,2.2,44.4,0.0,0.1,0.0,0.9,1.3,69.7,0.2,0.9,1.2,1.7,0.6,0.1,0.6,1
Kevin Garnett,80,28.7,10.4,4.5,9.2,49.1,0.1,0.4,28.6,1.3,1.9,70.5,2.2,4.1,6.3,1.8,1.1,1.6,1.4,1
Pace Mannion,57,8.2,2.1,0.9,2.2,39.7,0.1,0.2,23.1,0.3,0.4,78.3,0.4,0.6,1.0,0.8,0.4,0.0,0.4,1
Rickey Brown,45,12.9,4.0,1.8,3.6,51.2,0.0,0.0,0.0,0.4,0.5,76.2,1.2,2.5,3.7,0.5,0.2,0.3,0.7,1
Ty Lawson,65,20.3,8.3,3.1,6.0,51.5,0.5,1.3,41.0,1.6,2.2,75.7,0.6,1.3,1.9,3.1,0.7,0.0,1.3,1
Mark Davis,57,10.0,3.3,1.0,2.6,36.9,0.1,0.2,30.8,1.3,2.0,63.8,1.0,1.2,2.2,0.8,0.7,0.4,1.2,1
Markieff Morris,63,19.5,7.4,2.8,6.9,39.9,0.7,2.0,34.7,1.2,1.7,71.7,1.1,3.3,4.4,1.0,0.7,0.7,1.1,1
Jamaal Tinsley,80,30.5,9.4,3.6,9.5,38.0,0.5,2.2,24.0,1.6,2.3,70.4,1.0,2.8,3.7,8.1,1.7,0.5,3.4,1
Courtney Alexander,65,21.3,9.5,3.7,8.8,41.7,0.3,0.7,37.0,1.9,2.3,82.0,0.6,1.6,2.2,1.0,0.7,0.1,1.1,0
Randy Livingston,64,15.3,3.9,1.6,3.6,43.7,0.1,0.3,40.9,0.7,1.0,64.6,0.5,1.0,1.5,2.4,0.6,0.2,1.6,1
Dwight Howard,82,32.6,12.0,4.3,8.3,52.0,0.0,0.0,0.0,3.4,5.0,67.1,3.5,6.5,10.0,0.9,0.9,1.7,2.0,1
Joe Smith,82,34.4,15.3,5.7,12.5,45.8,0.1,0.3,35.7,3.7,4.8,77.3,3.7,5.1,8.7,1.0,1.0,1.6,1.7,1
Muggsy Bogues,79,20.6,5.0,2.1,5.4,39.0,0.0,0.2,18.8,0.7,0.9,78.4,0.4,1.3,1.7,5.1,1.6,0.0,1.3,1
Bill Martin,66,10.5,5.0,2.2,4.5,48.0,0.0,0.1,0.0,0.7,0.8,85.2,0.6,0.9,1.5,0.8,0.3,0.1,0.9,0
Dell Curry,67,9.5,4.9,2.1,4.9,42.6,0.3,0.9,28.3,0.4,0.6,78.9,0.4,0.7,1.2,0.9,0.4,0.1,0.7,1
Tyrus Thomas,72,13.4,5.2,1.9,3.9,47.5,0.0,0.0,0.0,1.5,2.4,60.6,1.2,2.5,3.7,0.6,0.6,1.1,1.3,1
Marty Conlon,45,8.5,2.7,1.1,2.2,47.5,0.0,0.0,0.0,0.5,0.7,75.0,0.7,0.8,1.5,0.3,0.2,0.2,0.6,1
Donta Smith,38,11.4,3.3,1.2,3.0,38.9,0.2,0.6,27.3,0.9,1.3,68.8,0.5,0.9,1.4,1.0,0.6,0.1,0.7,0
Stephen Howard,49,5.3,2.1,0.7,1.9,37.6,0.0,0.0,0.0,0.7,1.1,64.2,0.5,0.7,1.2,0.2,0.3,0.2,0.5,0
Brent Barry,79,24.0,10.1,3.6,7.6,47.4,1.6,3.7,41.6,1.4,1.7,81.0,0.5,1.6,2.1,2.9,1.2,0.3,1.5,1
Brandon Armstrong,35,5.6,1.8,0.8,2.4,31.8,0.1,0.5,29.4,0.1,0.3,50.0,0.3,0.2,0.5,0.2,0.2,0.0,0.2,0
Bob Martin,53,10.1,2.1,0.8,1.7,45.5,0.0,0.0,0.0,0.6,1.0,60.8,0.7,1.5,2.2,0.3,0.1,0.6,0.6,0
Lou Roe,49,7.6,1.8,0.7,1.8,35.6,0.0,0.2,22.2,0.5,0.7,75.0,0.6,1.0,1.6,0.3,0.2,0.2,0.3,0
Derrick Caracter,41,5.2,2.0,0.8,1.6,48.5,0.0,0.0,0.0,0.4,0.6,73.9,0.5,0.6,1.0,0.2,0.1,0.2,0.5,0
Chris Smith,80,15.8,4.3,1.6,3.6,43.3,0.0,0.2,14.3,1.2,1.5,79.2,0.4,0.8,1.2,2.5,0.6,0.2,0.8,0
Bryce Drew,34,13.0,3.5,1.4,3.8,36.4,0.5,1.4,32.7,0.2,0.2,100.0,0.1,0.9,0.9,1.5,0.3,0.1,0.9,1
Alec Kessler,78,16.1,6.2,2.6,6.0,42.5,0.0,0.1,0.0,1.1,1.7,67.2,1.5,2.8,4.3,0.4,0.2,0.3,1.4,0
David West,71,13.1,3.8,1.5,3.2,47.4,0.0,0.0,0.0,0.8,1.1,71.3,1.6,2.5,4.2,0.8,0.4,0.4,0.7,1
Gary Plummer,66,10.6,3.8,1.4,3.5,39.7,0.0,0.1,25.0,1.0,1.4,70.7,0.8,1.2,2.0,0.4,0.2,0.2,0.8,0
John Thomas,54,9.9,2.8,1.0,2.1,48.7,0.0,0.0,0.0,0.8,1.0,75.9,0.9,1.1,2.0,0.3,0.4,0.2,0.8,1
Acie Law,56,15.4,4.2,1.7,4.2,40.1,0.1,0.6,20.6,0.7,0.9,79.2,0.2,0.8,1.0,2.0,0.5,0.0,1.0,0
Mike Penberthy,53,16.1,5.0,1.7,4.2,41.4,1.0,2.6,39.6,0.5,0.6,90.3,0.2,1.0,1.2,1.3,0.4,0.0,0.6,0
C.J. Watson,32,11.5,3.7,1.3,3.2,42.6,0.3,0.8,34.6,0.7,0.9,79.3,0.4,0.6,1.0,1.1,0.5,0.0,0.6,1
Kyle O'Quinn,57,11.2,4.1,1.8,3.5,51.3,0.0,0.0,0.0,0.5,0.8,66.7,1.1,2.5,3.7,0.9,0.2,0.5,0.7,1
Jackson Vroman,46,15.3,4.6,1.8,4.3,41.2,0.0,0.1,0.0,1.0,1.6,64.0,1.4,2.4,3.8,0.9,0.5,0.4,1.4,0
Chris Carr,60,9.8,4.0,1.5,3.6,41.5,0.2,0.7,26.2,0.8,1.0,81.7,0.5,1.3,1.7,0.7,0.2,0.1,0.7,1
Eric Leckner,75,10.4,4.3,1.6,2.9,54.5,0.0,0.0,0.0,1.1,1.5,69.9,0.6,2.0,2.7,0.2,0.1,0.3,0.9,1
Derrick Rose,81,37.0,16.8,7.1,14.9,47.5,0.2,0.9,22.2,2.4,3.1,78.8,1.2,2.7,3.9,6.3,0.8,0.2,2.5,1
Adreian Payne,32,23.1,6.7,2.8,6.9,41.4,0.0,0.3,11.1,0.9,1.4,65.2,1.5,3.6,5.1,0.9,0.6,0.3,1.4,0
Caris LeVert,12,15.5,4.7,1.6,4.4,35.8,0.8,2.6,32.3,0.7,1.0,66.7,0.3,2.3,2.6,1.3,0.9,0.2,0.6,0
Russell Cross,45,7.9,3.7,1.4,2.5,57.1,0.0,0.0,0.0,0.8,2.0,41.8,0.8,1.0,1.8,0.5,0.3,0.2,0.4,0
Will Solomon,62,14.1,5.2,1.8,5.3,34.1,0.7,2.6,28.4,0.8,1.2,67.1,0.2,0.9,1.1,1.5,0.6,0.1,1.0,0
Randy Wittman,78,13.7,4.5,2.1,4.1,50.3,0.0,0.1,40.0,0.4,0.6,60.9,0.2,0.7,0.9,0.9,0.2,0.0,0.4,1
Solomon Jones,58,11.5,3.3,1.1,2.2,50.8,0.0,0.0,0.0,1.0,1.3,78.7,0.8,1.5,2.3,0.2,0.2,0.7,0.4,1
Derrick Favors,78,19.7,6.8,2.8,5.3,51.7,0.0,0.0,0.0,1.3,2.2,59.5,2.2,3.1,5.3,0.5,0.4,0.9,1.0,1
Chris Corchiani,51,14.5,5.0,1.5,3.8,39.9,0.2,0.7,27.0,1.8,2.0,87.5,0.4,1.2,1.5,2.8,0.9,0.0,1.4,0
Jon Sundvold,73,17.6,6.9,3.0,6.7,44.5,0.1,0.5,24.3,0.9,1.0,88.9,0.3,0.9,1.2,3.3,0.4,0.0,1.1,1
Brooks Thompson,38,6.5,3.1,1.2,3.0,39.5,0.5,1.5,31.0,0.2,0.3,66.7,0.2,0.4,0.6,1.1,0.3,0.1,0.7,0
Milt Palacio,53,7.4,2.0,0.8,1.8,43.9,0.0,0.0,0.0,0.4,0.7,59.5,0.3,0.6,1.0,0.9,0.4,0.0,0.8,1
Jerry Eaves,82,19.4,9.3,3.4,7.0,48.7,0.0,0.1,12.5,2.4,3.0,81.0,0.4,1.1,1.5,2.6,0.6,0.0,1.9,0
Anthony Tucker,62,15.8,3.9,1.5,3.4,45.7,0.0,0.0,0.0,0.8,1.3,61.4,0.7,2.0,2.7,1.1,0.7,0.2,0.9,0
Richard Dumas,48,27.5,15.8,6.3,12.0,52.4,0.0,0.1,33.3,3.2,4.5,70.7,2.1,2.6,4.6,1.3,1.8,0.8,1.9,0
Duane Ferrell,41,5.6,2.4,0.9,2.0,42.2,0.0,0.0,0.0,0.7,1.1,68.2,0.5,0.5,1.0,0.2,0.2,0.1,0.3,1
Jeff Hornacek,80,19.5,5.3,2.0,4.4,45.4,0.2,0.5,27.9,1.2,1.5,77.7,0.5,1.8,2.3,4.5,0.9,0.1,1.9,1
Dwayne Morton,41,9.6,4.1,1.2,3.1,38.8,0.2,0.6,36.0,1.4,2.1,68.2,0.5,0.9,1.4,0.4,0.3,0.4,0.7,0
John Salley,82,17.8,5.3,2.0,3.5,56.2,0.0,0.0,0.0,1.3,2.1,61.4,1.3,2.3,3.6,0.7,0.5,1.5,0.9,1
Michael Ruffin,71,13.7,2.2,0.8,1.9,42.0,0.0,0.0,0.0,0.6,1.2,48.9,1.6,1.9,3.5,0.6,0.4,0.4,0.8,1
Rodney Stuckey,57,19.0,7.6,2.7,6.7,40.1,0.1,0.3,18.8,2.2,2.7,81.4,0.6,1.7,2.3,2.8,0.9,0.1,1.4,1
Tim Breaux,42,8.1,3.0,1.1,2.9,37.2,0.1,0.6,24.0,0.8,1.2,65.3,0.4,0.4,0.8,0.4,0.3,0.1,0.4,0
Stanley Johnson,73,23.1,8.1,3.1,8.2,37.5,0.9,2.8,30.7,1.1,1.4,78.4,0.8,3.4,4.2,1.6,0.8,0.2,1.6,0
Shawn Marion,51,24.7,10.2,4.4,9.2,47.1,0.1,0.4,18.2,1.4,1.7,84.7,2.1,4.5,6.5,1.4,0.8,1.0,1.0,1
John Salmons,64,7.9,2.1,0.8,1.8,41.4,0.2,0.5,32.3,0.4,0.5,74.3,0.3,0.7,0.9,0.7,0.3,0.1,0.5,1
Tim Hardaway,79,33.7,14.7,5.9,12.5,47.1,0.3,1.1,27.4,2.7,3.5,76.4,0.7,3.2,3.9,8.7,2.1,0.1,3.3,1
Dave Johnson,42,8.5,3.7,1.4,3.5,38.3,0.1,0.3,21.4,1.0,1.4,67.8,0.4,0.7,1.1,0.3,0.2,0.0,0.7,0
Morlon Wiley,51,8.0,2.2,0.9,2.2,40.4,0.1,0.5,25.0,0.3,0.3,81.3,0.3,0.7,0.9,1.5,0.5,0.1,0.7,1
Avery Johnson,43,6.8,1.6,0.7,1.9,34.9,0.0,0.2,11.1,0.2,0.4,56.3,0.3,0.3,0.6,1.7,0.5,0.1,0.4,1
Calvin Garrett,70,23.4,6.1,2.7,5.9,45.3,0.0,0.0,33.3,0.7,0.9,80.6,1.2,2.6,3.8,1.9,0.7,0.1,1.3,0
Shareef Abdur-Rahim,80,35.0,18.7,6.9,15.2,45.3,0.1,0.3,25.9,4.8,6.5,74.6,2.7,4.2,6.9,2.2,1.0,1.0,2.8,1
Chris McCullough,24,15.1,4.7,1.8,4.5,40.4,0.5,1.4,38.2,0.5,1.0,47.8,1.0,1.8,2.8,0.4,1.2,0.5,0.6,0
Lawrence Moten,44,13.0,6.6,2.5,5.6,45.3,0.4,1.3,32.7,1.1,1.7,65.3,0.8,0.6,1.4,1.1,0.7,0.2,1.0,0
Nick Young,75,15.4,7.5,2.8,6.4,43.9,0.5,1.3,40.0,1.3,1.7,81.5,0.3,1.2,1.5,0.8,0.5,0.1,1.3,1
Scott Padgett,47,9.2,2.6,0.9,3.0,31.4,0.3,0.9,29.5,0.4,0.6,70.4,0.5,1.4,1.9,0.5,0.3,0.2,0.5,1
Tyrone Nesby,50,25.8,10.1,3.6,8.1,44.9,0.7,1.9,36.5,2.1,2.7,78.2,1.1,2.4,3.5,1.6,1.5,0.4,1.1,0
Myles Turner,60,22.8,10.3,4.4,8.8,49.8,0.1,0.2,21.4,1.5,2.0,72.7,1.1,4.4,5.5,0.7,0.4,1.4,1.1,0
Steve Henson,68,10.1,3.1,1.2,2.8,41.8,0.3,0.8,33.3,0.6,0.6,90.5,0.2,0.5,0.8,1.9,0.5,0.0,0.6,1
Juan Dixon,42,15.4,6.4,2.5,6.5,38.4,0.6,2.0,29.8,0.9,1.1,80.4,0.3,1.4,1.7,1.0,0.6,0.1,1.0,1
Raymond Felton,80,30.1,11.9,4.3,11.0,39.1,1.2,3.4,35.8,2.0,2.8,72.5,1.0,2.4,3.3,5.6,1.3,0.1,2.3,1
Tyus Jones,37,15.5,4.2,1.5,4.2,35.9,0.4,1.4,30.2,0.8,1.1,71.8,0.2,1.1,1.3,2.9,0.8,0.1,0.9,0
Reece Gaines,38,9.6,1.8,0.7,2.3,29.1,0.1,0.3,30.0,0.4,0.7,64.0,0.2,0.8,1.0,1.1,0.3,0.1,0.5,0
Billy Thomas,25,14.2,3.7,1.4,3.8,36.2,0.7,2.2,30.4,0.3,0.4,77.8,0.3,1.2,1.4,0.7,0.6,0.0,0.4,0
Johnny Dawkins,81,20.8,10.3,4.1,9.4,43.7,0.2,0.6,29.8,1.9,2.4,80.1,0.7,1.4,2.1,3.6,0.8,0.0,1.5,1
Ervin Johnson,45,6.2,2.6,1.0,2.4,41.5,0.0,0.0,0.0,0.6,1.0,63.0,1.1,1.6,2.6,0.2,0.2,0.5,0.5,1
Thurl Bailey,81,24.8,8.5,3.7,7.3,51.2,0.0,0.0,0.0,1.1,1.4,75.2,1.4,4.3,5.7,1.6,0.5,1.5,1.3,1
Steve Blake,75,18.6,5.9,2.1,5.4,38.6,1.0,2.7,37.1,0.7,0.9,82.1,0.2,1.3,1.6,2.8,0.8,0.1,1.7,1
Charles Smith,34,8.6,3.5,1.4,3.7,39.2,0.4,1.4,31.9,0.2,0.3,54.5,0.4,0.4,0.8,0.6,0.3,0.2,0.8,1
Greg Stiemsma,55,13.9,2.9,1.2,2.2,54.5,0.0,0.0,0.0,0.5,0.7,70.7,0.9,2.3,3.2,0.5,0.7,1.6,0.6,0
Chris Wilcox,46,10.4,3.7,1.6,3.0,52.1,0.0,0.0,0.0,0.5,1.1,50.0,0.7,1.6,2.3,0.5,0.1,0.3,0.6,1
Frank Kornet,57,7.7,2.0,0.7,2.0,36.8,0.1,0.4,25.0,0.4,0.7,61.5,0.4,0.8,1.2,0.4,0.3,0.1,0.4,0
Cedric Jackson,12,6.3,1.7,0.5,1.7,30.0,0.1,0.5,16.7,0.6,1.0,58.3,0.2,0.5,0.7,1.2,0.3,0.2,0.9,0
Ralph Lewis,50,6.2,1.7,0.5,1.7,31.0,0.0,0.0,0.0,0.6,1.0,60.4,0.3,0.7,1.0,0.3,0.3,0.1,0.4,0
Brandon Knight,66,32.3,12.8,4.8,11.7,41.5,1.6,4.2,38.0,1.6,2.1,75.9,0.5,2.7,3.2,3.8,0.7,0.1,2.6,1
Desmond Mason,78,19.5,5.9,2.4,5.6,43.1,0.2,0.9,26.9,0.9,1.2,73.6,0.9,2.3,3.2,0.8,0.5,0.3,0.7,1
Patrick McCaw,26,12.2,2.8,1.1,2.8,38.9,0.6,1.5,37.5,0.1,0.2,50.0,0.3,0.8,1.0,1.0,0.4,0.3,0.6,0
Brandon Rush,75,24.0,8.1,3.2,7.7,42.3,1.0,2.8,37.3,0.6,0.9,69.7,0.5,2.7,3.1,0.9,0.5,0.5,1.0,1
Dave Hoppen,39,16.5,5.7,2.2,4.7,45.9,0.0,0.0,0.0,1.4,1.6,87.1,1.5,3.0,4.5,0.8,0.3,0.1,0.9,1
Blake Griffin,82,38.0,22.5,8.5,16.8,50.6,0.1,0.3,29.2,5.4,8.5,64.2,3.3,8.8,12.1,3.8,0.8,0.6,2.7,1
Terry Teagle,73,23.4,10.4,4.5,10.6,42.8,0.1,0.4,34.5,1.2,1.7,69.6,1.0,1.6,2.7,2.1,0.7,0.3,1.9,1
Travis Best,59,9.7,3.7,1.2,2.8,42.3,0.1,0.4,32.0,1.3,1.5,83.3,0.2,0.6,0.7,1.6,0.3,0.1,1.1,1
Kirk Snyder,68,13.3,5.0,1.8,4.8,37.2,0.4,1.3,35.3,0.9,1.4,66.7,0.7,1.0,1.8,0.5,0.4,0.3,0.8,0
Kevin Ollie,35,12.3,3.5,1.1,2.8,37.8,0.0,0.0,0.0,1.4,2.0,70.0,0.3,0.9,1.1,1.9,0.4,0.0,1.3,1
Dionte Christmas,31,6.4,2.3,0.7,2.0,35.5,0.3,1.0,29.0,0.6,0.8,75.0,0.4,0.8,1.2,0.3,0.1,0.1,0.2,0
Josh Smith,74,27.7,9.7,3.7,8.1,45.5,0.1,0.3,17.4,2.2,3.2,68.8,2.0,4.2,6.2,1.7,0.8,1.9,1.8,1
Jerome Allen,41,8.8,2.6,0.9,2.6,34.3,0.2,0.8,30.3,0.6,0.9,72.2,0.1,0.5,0.6,1.2,0.5,0.1,0.8,0
Mark Bryant,56,14.3,5.0,2.1,4.4,48.6,0.0,0.0,0.0,0.7,1.2,58.0,1.2,2.0,3.2,0.6,0.4,0.1,0.7,1
Peyton Siva,24,9.3,2.3,0.8,2.4,31.6,0.3,1.0,28.0,0.5,0.6,73.3,0.1,0.5,0.6,1.4,0.4,0.0,0.8,0
David Thirdkill,49,10.6,4.0,1.5,3.5,43.5,0.0,0.1,14.3,0.9,1.6,57.7,0.6,0.9,1.5,0.7,0.4,0.1,1.0,1
Harvey Grant,71,16.8,5.6,2.5,5.5,46.4,0.0,0.0,0.0,0.5,0.8,59.6,1.1,1.2,2.3,1.1,0.5,0.4,0.4,1
Ronnie Brewer,56,12.1,4.6,1.8,3.4,52.8,0.0,0.2,0.0,1.0,1.5,67.5,0.7,0.7,1.3,0.4,0.7,0.1,0.4,1
Steve Novak,35,5.5,1.5,0.5,1.4,36.0,0.4,1.1,33.3,0.1,0.1,100.0,0.1,0.6,0.7,0.2,0.1,0.0,0.1,1
Rod Strickland,81,16.8,8.9,3.3,7.0,46.7,0.2,0.7,32.2,2.1,2.9,74.5,0.6,1.3,2.0,3.9,1.2,0.0,1.8,1
Cuttino Mobley,49,29.7,9.9,3.5,8.3,42.5,1.1,3.0,35.8,1.8,2.2,81.8,0.4,1.8,2.3,2.5,0.9,0.5,1.6,1
Bob Hansen,55,7.6,2.7,1.2,2.6,44.8,0.0,0.1,0.0,0.3,0.5,64.3,0.2,0.6,0.9,0.8,0.3,0.1,0.6,1
Eric Montross,78,29.7,10.0,3.9,7.4,53.4,0.0,0.0,0.0,2.1,3.4,63.5,2.5,4.7,7.3,0.5,0.4,0.8,1.4,1
Gerald Henderson,43,8.3,2.6,0.9,2.4,35.6,0.1,0.4,21.1,0.8,1.1,74.5,0.3,0.9,1.3,0.3,0.2,0.2,0.3,1
Meyers Leonard,69,17.5,5.5,2.2,4.0,54.5,0.0,0.1,42.9,1.0,1.3,80.9,1.2,2.5,3.7,0.5,0.2,0.6,0.7,1
Draymond Green,79,13.4,2.9,1.1,3.3,32.7,0.2,0.8,20.9,0.6,0.7,81.8,0.7,2.6,3.3,0.7,0.5,0.3,0.7,1
Chris Smith,80,15.8,4.3,1.6,3.6,43.3,0.0,0.2,14.3,1.2,1.5,79.2,0.4,0.8,1.2,2.5,0.6,0.2,0.8,0
Lawrence Funderburke,52,21.0,9.5,3.7,7.5,49.0,0.0,0.1,14.3,2.1,3.1,67.9,1.5,3.0,4.5,1.2,0.4,0.3,1.2,1
Jerry Reynolds,55,9.2,3.7,1.3,2.9,44.4,0.0,0.0,50.0,1.1,1.9,55.8,0.7,0.8,1.5,1.6,0.8,0.3,0.9,1
Shelden Williams,81,18.7,5.5,2.0,4.5,45.5,0.0,0.0,50.0,1.4,1.8,76.4,1.6,3.8,5.4,0.5,0.6,0.5,1.2,1
Cory Blackwell,60,9.2,3.4,1.5,4.0,36.7,0.0,0.0,0.0,0.5,0.9,50.9,0.7,0.9,1.6,0.4,0.4,0.1,0.7,0
Arnett Moultrie,47,11.5,3.7,1.7,2.9,58.2,0.0,0.0,0.0,0.4,0.6,64.3,1.6,1.5,3.1,0.2,0.4,0.2,0.4,0
Jeff Malone,81,24.4,12.1,5.0,11.3,44.4,0.3,0.9,32.4,1.8,2.1,82.6,0.7,1.2,1.9,1.9,0.3,0.2,1.4,1
Todd Mitchell,24,14.7,5.1,1.8,4.0,44.3,0.0,0.0,0.0,1.5,2.7,57.8,0.8,1.3,2.1,0.9,0.7,0.1,1.4,0
Mike Niles,44,5.3,2.6,1.1,3.1,34.8,0.0,0.1,50.0,0.4,0.8,45.9,0.6,0.7,1.3,0.3,0.2,0.0,0.6,0
Marquese Chriss,34,17.1,7.0,2.7,6.3,42.7,0.6,2.1,31.0,1.0,1.7,59.6,1.1,2.2,3.3,0.5,0.5,0.5,1.2,0
Jamal Mashburn,79,36.7,19.2,7.1,17.5,40.6,1.1,3.8,28.4,3.9,5.5,69.9,1.4,3.1,4.5,3.4,1.1,0.2,3.1,1
Ray Owes,57,10.4,3.1,1.3,3.2,41.7,0.0,0.1,20.0,0.5,0.8,56.5,1.1,1.7,2.9,0.3,0.3,0.3,0.4,0
Tony Snell,77,16.0,4.5,1.7,4.4,38.4,0.7,2.3,32.0,0.4,0.5,75.6,0.2,1.4,1.6,0.9,0.4,0.2,0.6,0
Wayne Simien,43,9.6,3.4,1.3,2.8,48.3,0.0,0.0,0.0,0.7,0.8,88.2,0.9,1.2,2.0,0.2,0.3,0.0,0.6,0
Charles Smith,71,30.4,16.3,6.1,12.4,49.5,0.0,0.0,0.0,4.0,5.5,72.5,2.4,4.1,6.5,1.5,1.0,1.3,2.1,1
Warren Kidd,68,13.0,3.6,1.5,2.5,59.2,0.0,0.0,0.0,0.7,1.3,54.7,1.1,2.3,3.4,0.3,0.3,0.3,0.7,0
Willie Green,53,14.5,6.9,2.7,6.7,40.1,0.4,1.2,31.1,1.1,1.5,72.8,0.3,0.9,1.2,1.0,0.5,0.1,1.1,1
Reggie Evans,67,20.4,3.2,1.0,2.1,47.1,0.0,0.0,0.0,1.2,2.3,51.9,2.5,4.1,6.6,0.5,0.6,0.2,0.8,1
Steve Francis,77,36.1,18.0,6.5,14.5,44.5,1.4,4.0,34.5,3.7,4.7,78.6,2.0,3.3,5.3,6.6,1.5,0.4,4.0,1
Nate Wolters,58,22.6,7.2,2.9,6.7,43.7,0.3,1.1,29.0,1.0,1.6,65.6,0.6,2.0,2.6,3.2,0.6,0.3,1.0,0
Terry Mills,55,14.9,5.7,2.4,5.2,46.5,0.0,0.1,0.0,0.9,1.2,71.2,1.5,2.7,4.2,0.6,0.6,0.5,0.8,1
Oliver Robinson,35,4.2,2.9,1.0,2.8,36.1,0.0,0.3,9.1,0.9,1.3,66.7,0.2,0.3,0.5,0.6,0.1,0.1,0.4,0
Mike Harper,55,8.4,2.7,1.0,2.5,41.2,0.0,0.1,0.0,0.7,1.5,43.5,0.5,1.2,1.7,0.3,0.4,0.4,0.6,0
Sam Williams,59,18.2,6.1,2.6,4.7,55.6,0.0,0.0,0.0,0.8,1.5,55.1,1.5,3.7,5.2,0.6,0.8,1.3,1.1,0
Isaiah Thomas,65,25.5,11.5,3.9,8.8,44.8,1.3,3.4,37.9,2.4,2.8,83.2,0.7,1.8,2.6,4.1,0.8,0.1,1.6,1
Greg Graham,70,12.7,4.8,1.7,4.4,40.0,0.0,0.4,8.0,1.3,1.6,83.6,0.3,0.9,1.2,0.9,0.9,0.1,0.9,1
Anthony Morrow,67,22.6,10.1,3.8,8.0,47.8,1.3,2.7,46.7,1.2,1.4,87.0,1.2,1.8,3.0,1.2,0.5,0.2,0.8,1
Johnny Rogers,45,10.4,4.2,2.0,4.1,48.6,0.0,0.1,0.0,0.2,0.3,60.0,0.7,1.0,1.7,0.6,0.2,0.2,0.4,0
T.J. McConnell,81,19.8,6.1,2.7,5.7,47.0,0.4,1.1,34.8,0.3,0.5,63.4,0.5,2.6,3.1,4.5,1.2,0.1,1.7,0
Alvin Robertson,79,21.3,9.2,3.8,7.6,49.8,0.1,0.1,36.4,1.6,2.1,73.4,1.5,1.9,3.4,3.5,1.6,0.3,2.1,1
Rick Brunson,38,16.4,4.3,1.3,3.7,34.8,0.6,1.6,36.1,1.1,1.6,67.7,0.4,1.1,1.5,2.6,0.7,0.1,1.4,1
Will Barton,73,12.2,4.0,1.6,4.2,38.2,0.1,0.9,13.8,0.7,0.9,76.9,0.5,1.5,2.0,0.8,0.5,0.1,0.8,1
Caron Butler,78,36.6,15.4,5.5,13.2,41.6,0.4,1.4,31.8,4.0,4.8,82.4,1.7,3.4,5.1,2.7,1.8,0.4,2.5,1
Matt Carroll,16,4.4,1.2,0.4,1.0,43.8,0.1,0.2,33.3,0.3,0.4,66.7,0.1,0.3,0.4,0.1,0.1,0.0,0.4,1
Othella Harrington,57,15.1,4.8,2.0,3.6,54.9,0.0,0.1,0.0,0.9,1.4,60.5,1.3,2.2,3.5,0.3,0.2,0.4,1.0,1
Thomas Robinson,70,15.1,4.8,2.0,4.6,43.0,0.0,0.0,0.0,0.8,1.6,52.3,1.7,2.8,4.5,0.7,0.6,0.4,1.3,1
Bill Jones,37,8.3,3.5,1.4,2.8,49.0,0.0,0.0,0.0,0.8,1.2,67.4,0.5,0.7,1.3,0.5,0.5,0.2,0.5,0
Jrue Holiday,73,24.2,8.0,3.2,7.1,44.2,0.8,2.2,39.0,0.9,1.2,75.6,0.8,1.8,2.6,3.8,1.1,0.3,2.1,1
Peter Thibeaux,51,9.0,4.5,1.8,3.8,48.2,0.0,0.0,0.0,0.8,1.3,64.2,0.6,0.8,1.4,0.3,0.2,0.3,0.7,0
Aaron McKie,45,18.4,6.5,2.6,5.8,44.4,0.2,0.6,39.3,1.1,1.6,68.5,0.8,2.1,2.9,2.0,0.8,0.4,0.9,1
Jordan Williams,43,14.8,4.6,1.8,3.5,50.7,0.0,0.0,0.0,1.0,1.5,65.2,1.5,2.1,3.6,0.3,0.5,0.3,0.5,0
Mike Peplowski,55,12.1,3.2,1.4,2.6,53.9,0.0,0.0,0.0,0.4,0.8,54.5,0.9,2.2,3.1,0.4,0.3,0.5,0.6,0
Charles Smith,71,30.4,16.3,6.1,12.4,49.5,0.0,0.0,0.0,4.0,5.5,72.5,2.4,4.1,6.5,1.5,1.0,1.3,2.1,1
Paul Pierce,48,34.0,16.5,5.9,13.5,43.9,1.8,4.3,41.2,2.9,4.1,71.3,2.4,4.0,6.4,2.4,1.7,1.0,2.4,1
Linton Johnson,41,17.9,4.2,1.8,5.0,35.5,0.2,0.8,21.2,0.5,0.9,59.5,1.4,3.0,4.5,0.7,0.9,0.8,0.9,1
Andre Spencer,20,21.1,9.4,3.7,8.2,44.8,0.0,0.1,0.0,2.1,2.7,75.9,1.9,2.2,4.1,1.2,0.8,0.3,1.3,0
Josh Boone,61,11.0,4.2,1.6,2.8,57.9,0.0,0.0,0.0,0.9,1.7,54.4,1.0,1.8,2.9,0.2,0.2,0.3,0.5,0
Tony Brown,82,19.3,6.6,2.6,5.7,46.0,0.0,0.1,0.0,1.4,2.1,67.8,1.8,1.7,3.5,1.9,0.7,0.1,1.4,1
Channing Frye,65,24.2,12.3,4.7,9.8,47.7,0.0,0.1,33.3,2.9,3.5,82.5,2.1,3.6,5.8,0.8,0.5,0.7,1.5,1
Jerome Lane,54,10.2,4.8,2.0,4.7,42.6,0.0,0.1,0.0,0.8,2.1,38.4,1.6,2.1,3.7,1.1,0.4,0.1,0.9,1
Shabazz Napier,51,19.8,5.1,1.7,4.5,38.2,0.8,2.3,36.4,0.9,1.1,78.6,0.3,1.9,2.2,2.5,0.8,0.1,1.6,0
Malik Sealy,58,11.6,5.7,2.3,5.5,42.6,0.1,0.5,22.6,0.9,1.3,68.9,1.0,0.9,1.9,0.8,0.6,0.1,1.0,1
Richie Frahm,54,8.7,3.4,1.2,2.6,45.3,0.6,1.7,37.0,0.4,0.5,88.5,0.2,0.8,1.0,0.4,0.3,0.1,0.1,0
Michael Carter-Williams,70,34.5,16.7,6.1,15.1,40.5,0.8,3.0,26.4,3.7,5.2,70.3,1.4,4.8,6.2,6.3,1.9,0.6,3.5,0
Bison Dele,48,18.9,9.1,3.6,6.8,52.8,0.0,0.0,0.0,2.0,3.0,66.9,2.4,3.3,5.7,0.7,0.8,1.1,1.8,1
Orlando Woolridge,75,15.8,7.3,2.7,5.3,51.3,0.0,0.0,0.0,1.9,2.7,69.9,1.1,1.9,3.0,1.1,0.3,0.3,1.4,1
Orlando Johnson,51,12.1,4.0,1.4,3.5,40.0,0.7,1.8,38.3,0.5,0.6,71.9,0.4,1.8,2.2,0.9,0.2,0.2,0.6,0
Jayson Williams,52,9.8,3.5,1.4,3.1,44.7,0.0,0.0,50.0,0.7,1.1,66.1,0.8,1.3,2.1,0.3,0.2,0.1,0.8,1
Lester Hudson,25,5.2,2.3,0.8,2.1,39.6,0.2,0.6,31.3,0.4,0.5,84.6,0.3,0.4,0.7,0.5,0.3,0.1,0.6,0
Chris Whitney,40,8.5,1.8,0.6,2.1,30.5,0.3,0.8,33.3,0.3,0.4,80.0,0.1,0.6,0.7,1.3,0.3,0.0,0.9,1
Brandon Ingram,36,27.4,7.4,2.6,7.6,34.7,0.5,2.1,25.0,1.6,2.3,69.9,0.7,3.4,4.1,1.9,0.4,0.4,1.3,0
Darius Miles,81,26.3,9.4,3.9,7.8,50.5,0.0,0.2,5.3,1.5,2.9,52.1,1.6,4.3,5.9,1.2,0.6,1.5,1.8,1
Vin Baker,82,31.2,13.5,5.3,10.6,50.1,0.0,0.1,20.0,2.9,5.0,56.9,3.4,4.2,7.6,2.0,0.7,1.4,2.0,1
Tom Scheffler,39,6.9,1.3,0.5,1.3,41.2,0.0,0.0,0.0,0.3,0.5,50.0,0.5,1.5,1.9,0.3,0.2,0.3,0.4,0
Gerald Henderson,43,8.3,2.6,0.9,2.4,35.6,0.1,0.4,21.1,0.8,1.1,74.5,0.3,0.9,1.3,0.3,0.2,0.2,0.3,1
Charles Jones,29,16.4,3.7,1.3,4.2,31.7,0.7,2.1,31.1,0.4,0.8,50.0,0.3,1.1,1.4,1.4,0.6,0.2,1.0,1
Joe Barry Carroll,82,35.6,18.9,7.5,15.3,49.1,0.0,0.0,0.0,3.8,5.4,71.6,3.3,5.9,9.3,1.4,0.6,1.5,3.0,1
Daniel Gibson,60,16.5,4.6,1.6,3.9,42.4,0.9,2.1,41.9,0.5,0.7,71.8,0.5,1.1,1.5,1.2,0.4,0.1,0.7,1
Alan Henderson,79,17.9,6.4,2.4,5.5,44.2,0.0,0.0,0.0,1.5,2.5,59.5,2.1,2.4,4.5,0.6,0.6,0.5,1.1,1
Steve Hamer,35,7.7,2.2,0.9,1.6,52.6,0.0,0.1,0.0,0.5,0.8,55.2,0.5,1.2,1.7,0.2,0.1,0.1,0.4,0
Donald Hodge,51,20.7,8.4,3.2,6.4,49.7,0.0,0.0,0.0,2.0,2.9,66.7,2.3,3.1,5.4,0.8,0.5,0.5,1.5,1
Keith Van Horn,62,37.5,19.7,7.2,16.9,42.6,1.1,3.6,30.8,4.2,4.9,84.6,2.3,4.3,6.6,1.7,1.0,0.4,2.6,1
Ron Anderson,36,14.4,5.8,2.3,5.4,43.1,0.0,0.1,50.0,1.1,1.4,82.0,1.1,1.4,2.4,0.9,0.3,0.2,0.9,1
Craig Smith,82,18.7,7.4,3.0,5.6,53.1,0.0,0.1,0.0,1.4,2.3,62.4,1.8,3.3,5.1,0.6,0.6,0.2,0.9,1
Doug West,52,7.3,2.6,1.0,2.6,39.3,0.1,0.2,27.3,0.5,0.6,81.3,0.5,0.9,1.3,0.3,0.2,0.1,0.6,1
Elton Brand,81,37.0,20.1,7.8,16.1,48.2,0.0,0.0,0.0,4.5,6.6,68.5,4.3,5.7,10.0,1.9,0.8,1.6,2.8,1
Aaron Gordon,47,17.0,5.2,2.0,4.4,44.7,0.3,1.0,27.1,0.9,1.3,72.1,1.0,2.6,3.6,0.7,0.5,0.5,0.8,0
J.R. Reid,82,33.6,11.1,4.4,9.9,44.0,0.0,0.1,0.0,2.3,3.5,66.4,2.4,6.0,8.4,1.2,1.1,0.7,2.1,1
Kelvin Ransey,80,30.4,15.2,6.6,14.5,45.2,0.0,0.4,9.7,2.1,2.7,74.9,0.5,1.9,2.4,6.9,1.1,0.1,2.9,1
Jelani McCoy,26,12.7,5.1,2.2,2.9,73.7,0.0,0.0,0.0,0.8,1.6,50.0,1.0,2.0,3.0,0.2,0.4,0.8,0.4,1
Khalid El-Amin,50,18.7,6.3,2.3,6.2,37.0,0.6,1.7,33.3,1.1,1.4,77.8,0.4,1.2,1.6,2.9,1.0,0.0,1.1,0
Armon Johnson,38,7.3,2.9,1.2,2.7,45.5,0.1,0.3,41.7,0.3,0.6,59.1,0.3,0.7,0.9,1.2,0.1,0.0,1.0,0
Earl Clark,51,7.5,2.7,1.1,3.0,37.1,0.0,0.1,40.0,0.5,0.7,72.2,0.4,0.9,1.2,0.4,0.1,0.3,0.5,1
Luke Harangody,49,13.1,3.9,1.6,4.2,38.3,0.3,1.3,24.2,0.4,0.5,73.1,0.8,2.1,2.9,0.6,0.3,0.3,0.3,0
Derek Harper,82,20.9,5.7,2.4,5.5,44.3,0.0,0.3,11.5,0.8,1.2,67.3,0.6,1.5,2.1,2.9,1.2,0.3,1.4,1
Austin Rivers,61,23.2,6.2,2.4,6.4,37.2,0.5,1.4,32.6,1.0,1.8,54.6,0.3,1.5,1.8,2.1,0.4,0.1,1.2,1
Dwayne Schintzius,42,9.5,3.8,1.6,3.7,43.9,0.0,0.0,0.0,0.5,1.0,55.0,0.7,2.2,2.9,0.4,0.1,0.7,0.8,1
John Douglas,64,16.1,7.0,2.8,6.1,46.5,0.3,0.9,30.5,1.0,1.6,65.7,0.4,1.0,1.4,2.3,0.8,0.1,1.4,0
Doug Overton,45,22.0,8.1,3.4,7.2,47.1,0.1,0.3,23.1,1.3,1.8,72.8,0.6,1.8,2.4,3.5,0.7,0.1,1.6,1
Duane Causwell,76,22.6,6.9,2.8,5.4,50.8,0.0,0.0,0.0,1.4,2.2,63.6,1.9,3.3,5.1,0.9,0.6,1.9,1.3,1
Benoit Benjamin,79,26.4,11.1,4.1,8.4,49.0,0.0,0.0,33.3,2.9,3.9,74.6,2.0,5.6,7.6,1.0,0.8,2.6,1.8,1
Nerlens Noel,75,30.8,9.9,4.0,8.7,46.2,0.0,0.0,0.0,1.9,3.1,60.9,2.5,5.7,8.1,1.7,1.8,1.9,1.9,0
Marreese Speights,79,16.0,7.7,3.2,6.4,50.2,0.0,0.1,25.0,1.3,1.7,77.3,1.6,2.2,3.7,0.4,0.3,0.7,0.6,1
Greg Anderson,82,24.2,11.7,4.6,9.2,50.1,0.0,0.1,20.0,2.4,4.0,60.4,2.0,4.3,6.3,1.0,0.7,1.5,1.7,1
Jeremy Tyler,42,13.5,4.9,2.1,5.0,42.1,0.0,0.0,0.0,0.7,1.2,55.8,1.3,2.0,3.3,0.4,0.4,0.5,0.9,0
Acie Earl,74,15.5,5.5,2.0,5.0,40.6,0.0,0.0,0.0,1.5,2.2,67.5,1.1,2.2,3.3,0.2,0.3,0.7,1.0,0
Denzel Valentine,22,10.6,2.5,0.8,3.0,27.7,0.5,1.9,26.2,0.3,0.4,87.5,0.0,1.6,1.6,0.5,0.3,0.1,0.4,0
Larry Smith,82,31.4,9.6,3.7,7.2,51.2,0.0,0.0,0.0,2.2,3.7,58.8,5.3,6.8,12.1,1.1,0.8,0.8,1.8,1
Wilson Chandler,35,19.6,7.3,3.0,6.9,43.8,0.3,0.9,30.0,1.0,1.5,63.0,1.1,2.5,3.6,0.9,0.4,0.5,0.8,1
Greg Grant,67,10.1,3.1,1.2,3.2,38.4,0.0,0.2,18.8,0.6,0.9,66.1,0.2,0.6,0.9,2.5,0.5,0.0,1.1,1
Adam Morrison,78,29.8,11.8,4.6,12.1,37.6,1.1,3.3,33.7,1.5,2.2,71.0,0.7,2.3,2.9,2.1,0.4,0.1,1.7,0
Ron Mercer,80,33.3,15.3,6.4,14.3,45.0,0.0,0.4,10.7,2.4,2.8,83.9,1.4,2.1,3.5,2.2,1.6,0.2,1.6,1
Elijah Millsap,47,19.7,5.3,1.7,5.1,34.0,0.6,1.9,31.1,1.2,1.8,67.4,0.6,2.6,3.2,1.2,1.2,0.3,1.4,0
A.J. Price,56,15.4,7.3,2.6,6.3,41.0,1.1,3.1,34.5,1.1,1.3,80.0,0.2,1.4,1.6,1.9,0.6,0.1,1.1,1
Chris Kaman,82,22.5,6.1,2.4,5.3,46.0,0.0,0.0,0.0,1.2,1.7,69.7,1.5,4.1,5.6,1.0,0.3,0.9,1.9,1
Kenny Thomas,72,25.0,8.3,2.9,7.4,39.9,0.4,1.7,26.2,1.9,2.9,66.0,2.0,4.0,6.1,1.6,0.8,0.3,1.6,1
Mike Dunleavy,82,15.9,5.7,2.0,5.1,40.3,0.6,1.8,34.7,1.0,1.2,78.0,0.8,1.8,2.6,1.3,0.7,0.2,1.1,1
Martell Webster,61,17.5,6.6,2.3,5.7,39.9,1.1,3.0,35.7,1.0,1.2,85.9,0.5,1.7,2.1,0.6,0.3,0.2,0.7,1
Henry Turner,36,8.8,4.3,1.6,3.4,47.5,0.0,0.1,0.0,1.1,1.8,61.5,0.6,0.8,1.4,0.6,0.5,0.2,0.7,0
Melvin Turpin,79,24.7,10.6,4.6,9.0,51.1,0.0,0.0,0.0,1.4,1.8,78.4,2.0,3.8,5.7,0.5,0.5,1.1,1.5,1
Nolan Smith,44,12.3,3.8,1.5,4.1,37.2,0.3,1.0,28.9,0.5,0.6,71.4,0.4,0.9,1.3,1.4,0.4,0.1,0.9,0
Rex Chapman,75,29.6,16.9,7.0,16.9,41.4,0.8,2.5,31.4,2.1,2.6,79.5,1.0,1.5,2.5,2.3,0.9,0.3,1.5,1
Andre Drummond,60,20.7,7.9,3.5,5.7,60.8,0.0,0.0,50.0,1.0,2.7,37.1,2.8,4.8,7.6,0.5,1.0,1.6,0.9,1
Landry Fields,82,31.0,9.7,3.6,7.3,49.7,1.0,2.7,39.3,1.4,1.8,76.9,1.3,5.1,6.4,1.9,1.0,0.2,1.3,1
Jason Collins,77,18.3,4.5,1.5,3.6,42.1,0.0,0.0,50.0,1.5,2.1,70.1,1.7,2.2,3.9,1.1,0.4,0.6,0.9,1
Willie Anderson,81,33.8,18.6,7.9,15.9,49.8,0.0,0.3,19.0,2.8,3.6,77.5,1.9,3.3,5.1,4.6,1.9,0.8,3.2,1
Salim Stoudamire,61,20.3,9.7,3.3,8.1,41.5,1.3,3.5,38.0,1.6,1.8,90.0,0.2,1.7,1.9,1.2,0.4,0.1,1.3,0
Udonis Haslem,75,23.9,7.3,2.7,6.0,45.9,0.0,0.0,0.0,1.9,2.4,76.5,2.5,3.8,6.3,0.7,0.4,0.3,1.0,1
J.R. Bremer,64,23.5,8.3,2.7,7.3,36.9,1.6,4.5,35.3,1.3,1.7,76.6,0.3,2.0,2.3,2.6,0.6,0.1,0.9,0
Paul McPherson,55,10.8,4.8,2.0,3.9,50.5,0.0,0.2,16.7,0.8,1.1,72.4,0.7,0.7,1.4,0.7,0.5,0.1,0.8,0
Ed Pinckney,80,20.0,8.5,3.2,5.7,55.8,0.0,0.0,0.0,2.1,3.2,67.3,1.2,2.7,3.9,1.1,0.9,0.5,1.9,1
Wesley Matthews,82,24.7,9.4,3.3,6.9,48.3,0.8,2.0,38.2,2.0,2.4,82.9,0.6,1.7,2.3,1.5,0.8,0.2,1.1,1
Gary Trent,69,17.7,7.5,3.2,6.2,51.3,0.0,0.1,0.0,1.1,2.0,55.3,1.2,2.2,3.4,0.7,0.4,0.2,1.3,1
Kenny Fields,51,10.5,3.8,1.6,3.7,44.0,0.0,0.0,0.0,0.5,0.7,75.0,0.8,0.8,1.6,0.7,0.2,0.2,0.6,0
Charles Jones,29,16.4,3.7,1.3,4.2,31.7,0.7,2.1,31.1,0.4,0.8,50.0,0.3,1.1,1.4,1.4,0.6,0.2,1.0,0
Elden Campbell,52,7.3,2.8,1.1,2.4,45.5,0.0,0.0,0.0,0.6,0.9,65.3,0.8,1.1,1.8,0.2,0.2,0.7,0.3,1
Gerald Wallace,54,8.0,3.2,1.4,3.2,42.9,0.0,0.1,0.0,0.4,0.9,50.0,0.9,0.7,1.6,0.5,0.3,0.1,0.4,1
Glenn Robinson,80,37.0,21.9,8.0,17.6,45.1,1.1,3.4,32.1,5.0,6.2,79.6,2.1,4.3,6.4,2.5,1.4,0.3,3.9,1
Mitchell Butler,75,17.6,6.9,2.8,5.6,49.5,0.0,0.1,0.0,1.4,2.4,57.8,1.4,1.6,3.0,1.0,0.7,0.3,1.2,1
Lorenzo Williams,27,6.6,1.3,0.6,1.3,47.2,0.0,0.0,0.0,0.1,0.3,28.6,0.6,1.4,2.0,0.2,0.2,0.6,0.3,1
Mickell Gladness,26,9.7,2.2,1.0,2.3,42.4,0.0,0.0,0.0,0.2,0.5,50.0,0.5,1.7,2.2,0.2,0.1,0.8,0.3,0
Charles Jones,78,20.1,8.4,3.0,5.8,52.0,0.0,0.1,0.0,2.3,3.6,64.8,1.8,3.3,5.1,1.6,0.6,0.8,1.8,0
Royal Ivey,62,13.0,3.5,1.4,3.2,42.9,0.0,0.1,33.3,0.8,1.1,70.1,0.3,1.0,1.4,1.7,0.6,0.1,0.9,1
Darrell Arthur,76,19.3,5.6,2.5,5.7,43.8,0.0,0.0,0.0,0.5,0.8,66.7,1.4,3.1,4.6,0.6,0.7,0.7,0.6,1
Eddie Jones,64,31.0,14.0,5.3,11.6,46.0,1.4,3.8,37.0,1.9,2.6,72.2,1.2,2.7,3.9,2.0,2.0,0.6,1.2,1
Tyreke Evans,72,37.2,20.1,7.4,16.2,45.8,0.5,2.0,25.5,4.8,6.5,74.8,0.9,4.4,5.3,5.8,1.5,0.4,3.0,1
Jarell Martin,27,14.1,5.7,2.0,4.3,46.6,0.0,0.1,0.0,1.7,2.3,72.6,1.4,1.7,3.2,0.6,0.3,0.3,0.7,0
Marc Jackson,48,29.4,13.2,4.9,10.6,46.7,0.1,0.5,21.7,3.2,4.0,80.2,2.5,5.0,7.5,1.2,0.7,0.6,1.9,1
Leon Powe,63,11.4,4.2,1.3,2.8,44.6,0.0,0.0,0.0,1.7,2.3,73.6,1.5,1.9,3.4,0.2,0.2,0.3,0.8,1
Danny Schayes,82,19.8,7.9,3.1,6.4,48.1,0.0,0.0,0.0,1.7,2.3,75.7,1.6,3.6,5.2,1.8,0.6,0.9,1.8,1
Keith Closs,58,12.8,4.0,1.6,3.6,44.9,0.0,0.0,0.0,0.8,1.3,59.7,1.1,1.8,2.9,0.3,0.2,1.4,0.7,0
George McCloud,44,9.4,2.7,1.0,3.3,31.3,0.3,0.9,32.5,0.3,0.4,78.9,0.3,0.7,1.0,1.0,0.4,0.1,0.8,1
Felton Spencer,81,25.9,7.1,2.4,4.7,51.2,0.0,0.0,0.0,2.2,3.1,72.2,3.4,4.6,7.9,0.3,0.6,1.5,0.9,1
Donald Sloan,33,20.3,5.5,2.4,6.0,39.9,0.1,0.8,8.0,0.7,0.9,76.7,0.5,1.5,2.0,3.2,0.4,0.1,1.5,1
Tony Allen,77,16.4,6.4,2.4,5.0,47.5,0.2,0.4,38.7,1.5,2.0,73.7,1.1,1.8,2.9,0.8,1.0,0.3,1.0,1
Karl-Anthony Towns,82,32.0,18.3,7.6,14.1,54.2,0.4,1.1,34.1,2.7,3.4,81.1,2.8,7.7,10.5,2.0,0.7,1.7,2.2,0
Tate George,56,10.6,3.4,1.4,3.4,41.5,0.0,0.0,0.0,0.6,0.7,80.0,0.3,0.5,0.8,1.9,0.5,0.1,0.8,0
Karl Malone*,81,30.6,14.9,6.2,12.5,49.6,0.0,0.0,0.0,2.4,5.0,48.1,2.1,6.7,8.9,2.9,1.3,0.5,3.4,1
Clarence Weatherspoon,82,32.4,15.6,6.0,12.8,46.9,0.0,0.0,25.0,3.5,5.0,71.3,2.2,5.0,7.2,1.8,1.0,0.8,2.1,1
Bobby Portis,62,17.8,7.0,3.0,7.0,42.7,0.3,0.8,30.8,0.8,1.1,72.7,2.0,3.5,5.4,0.8,0.4,0.3,0.9,0
Mark Eaton,81,18.9,4.3,1.8,4.4,41.4,0.0,0.0,0.0,0.7,1.1,65.6,1.1,4.6,5.7,1.4,0.3,3.4,1.7,1
David Rivers,47,9.4,2.9,1.0,2.6,40.2,0.0,0.1,16.7,0.7,0.9,83.3,0.3,0.6,0.9,2.3,0.5,0.2,1.3,0
Roshown McLeod,34,10.2,4.8,1.8,4.8,38.0,0.0,0.3,10.0,1.1,1.3,82.2,0.4,1.1,1.5,0.4,0.1,0.0,0.7,0
Gerald Glass,51,11.9,6.9,2.9,6.7,43.8,0.0,0.3,11.8,1.0,1.5,68.4,1.1,0.9,2.0,0.8,0.6,0.2,0.8,0
J.R. Henderson,30,11.0,3.2,1.2,3.2,36.5,0.1,0.2,40.0,0.8,1.5,55.6,0.7,0.9,1.6,0.7,0.3,0.1,0.6,0
Duane Cooper,65,9.9,2.4,1.0,2.4,39.2,0.1,0.5,23.3,0.4,0.5,71.4,0.2,0.6,0.8,2.3,0.3,0.0,1.1,0
A.C. Green,82,18.8,6.4,2.5,4.7,53.9,0.0,0.1,16.7,1.2,2.0,61.1,2.0,2.7,4.6,0.7,0.6,0.6,1.2,1
Greg Ostertag,57,11.6,3.6,1.5,3.2,47.3,0.0,0.0,0.0,0.6,0.9,66.7,1.0,2.1,3.1,0.1,0.1,1.1,0.4,1
Alonzo Mourning*,78,33.9,21.0,7.3,14.3,51.1,0.0,0.0,0.0,6.3,8.1,78.1,3.4,6.9,10.3,1.0,0.3,3.5,3.0,1
Jameer Nelson,79,20.4,8.7,3.6,7.9,45.5,0.6,1.8,31.2,0.9,1.4,68.2,0.7,1.8,2.4,3.0,1.0,0.0,1.5,1
David Wingate,77,20.9,8.8,3.4,7.8,43.0,0.2,0.7,25.0,1.9,2.6,74.1,0.9,1.1,2.0,2.0,1.2,0.3,1.7,1
LaSalle Thompson,71,13.9,5.4,2.1,4.0,51.2,0.0,0.0,0.0,1.3,1.9,65.0,1.9,3.4,5.3,0.5,0.6,0.9,1.4,1
Chris Mullin*,55,25.3,14.0,5.2,11.3,46.3,0.1,0.5,18.5,3.4,3.8,89.6,0.8,1.3,2.1,1.9,1.3,0.4,1.4,1
Martin Nessley,44,7.6,1.1,0.5,1.2,38.5,0.0,0.0,0.0,0.2,0.4,44.4,0.5,1.3,1.9,0.4,0.2,0.3,0.5,0
Jamal Crawford,61,17.2,4.6,1.8,5.0,35.2,0.7,1.9,35.0,0.4,0.6,79.4,0.1,1.3,1.5,2.3,0.7,0.2,1.4,1
Matt Barnes,38,19.1,4.5,1.7,3.6,45.7,0.1,0.3,15.4,1.1,1.6,70.5,1.4,2.6,4.0,1.3,0.7,0.1,1.2,1
Scott Burrell,51,15.0,4.8,1.9,4.6,41.9,0.0,0.1,33.3,0.9,1.4,65.7,0.9,1.7,2.6,1.2,0.7,0.3,0.9,1
Gordon Hayward,72,16.9,5.4,2.0,4.1,48.5,0.5,1.0,47.3,1.0,1.3,71.1,0.6,1.4,1.9,1.1,0.4,0.3,1.0,1
Charles Smith,60,8.7,2.9,1.0,2.2,44.4,0.0,0.1,0.0,0.9,1.3,69.7,0.2,0.9,1.2,1.7,0.6,0.1,0.6,1
Lawrence Roberts,33,5.5,1.5,0.6,1.3,45.5,0.0,0.1,0.0,0.3,0.7,47.8,0.8,0.7,1.5,0.2,0.2,0.1,0.1,0
Damon Stoudamire,70,40.9,19.0,6.9,16.1,42.6,1.9,4.8,39.5,3.4,4.2,79.7,0.8,3.2,4.0,9.3,1.4,0.3,3.8,1
Jarrett Jack,79,20.2,6.7,2.4,5.4,44.2,0.3,1.0,26.3,1.6,2.0,80.0,0.2,1.8,2.0,2.8,0.5,0.0,1.3,1
Robert Traylor,49,16.0,5.3,2.2,4.1,53.7,0.0,0.0,0.0,0.9,1.6,53.8,1.6,2.1,3.7,0.8,0.9,0.9,0.9,1
Bill Garnett,75,18.8,6.3,2.3,4.3,53.3,0.0,0.0,0.0,1.7,2.3,74.1,1.9,3.5,5.4,1.4,0.6,0.9,1.1,0
Paul Thompson,82,21.1,9.0,3.8,8.1,46.7,0.1,0.5,23.1,1.4,1.8,77.2,1.5,2.3,3.8,1.5,0.8,0.5,0.9,0
Lorenzen Wright,77,25.1,7.3,3.1,6.4,48.1,0.0,0.1,25.0,1.1,1.9,58.7,2.7,3.4,6.1,0.6,0.6,0.8,1.0,1
DeMarcus Cousins,81,28.5,14.1,5.3,12.4,43.0,0.0,0.2,16.7,3.4,5.0,68.7,2.7,6.0,8.6,2.5,1.1,0.8,3.3,1
Dean Garrett,68,24.5,8.0,3.3,5.7,57.3,0.0,0.0,0.0,1.4,2.0,69.6,2.2,5.1,7.3,0.6,0.6,1.4,0.5,1
John Crotty,40,6.1,2.6,0.9,1.8,51.4,0.1,0.4,14.3,0.7,1.0,68.4,0.1,0.3,0.4,1.4,0.3,0.0,0.8,1
Donald Royal,66,11.3,5.9,1.8,3.9,45.9,0.0,0.0,0.0,2.3,3.0,77.7,1.0,1.0,2.1,0.7,0.5,0.1,1.2,1
Bill Hanzlik,74,17.0,5.4,1.9,3.9,47.8,0.0,0.1,20.0,1.6,2.0,79.3,0.9,1.2,2.1,1.5,0.8,0.3,1.1,1
Sam Bowie,76,29.2,10.0,3.9,7.3,53.7,0.0,0.0,0.0,2.1,3.0,71.1,2.7,5.9,8.6,2.8,0.7,2.7,2.3,1
Glen Rice,77,30.0,13.6,6.1,13.9,43.9,0.2,0.9,24.6,1.2,1.6,73.4,1.3,3.3,4.6,1.8,0.9,0.3,1.5,1
Sam Cassell,66,17.0,6.7,2.5,5.9,41.8,0.4,1.3,29.5,1.4,1.6,84.1,0.4,1.7,2.0,2.9,0.9,0.1,1.4,1
Isaiah Whitehead,25,22.6,6.7,2.6,6.4,41.3,0.5,1.8,28.3,0.9,1.2,76.7,0.2,2.0,2.2,3.0,0.7,0.5,2.2,0
Richard Hamilton,71,19.3,9.0,3.6,8.5,42.0,0.4,1.1,36.4,1.5,1.9,77.4,0.5,1.3,1.8,1.5,0.4,0.1,1.2,1
Louis Orr,82,21.8,10.5,4.2,8.6,49.1,0.0,0.1,0.0,2.0,2.5,80.7,2.1,2.3,4.4,1.6,0.7,0.3,1.5,1
Larry Krystkowiak,68,14.8,6.6,2.5,5.5,45.6,0.0,0.2,8.3,1.6,2.2,74.3,1.1,2.4,3.5,1.3,0.3,0.2,1.0,1
Mark Macon,76,30.3,10.6,4.4,11.7,37.5,0.1,0.4,13.3,1.8,2.4,73.0,1.1,1.8,2.9,2.2,2.0,0.2,2.0,1
Eric Maynor,81,15.7,4.7,1.9,4.5,41.8,0.3,0.9,31.0,0.6,0.9,72.2,0.3,1.3,1.6,3.3,0.5,0.1,1.1,1
Iman Shumpert,59,28.9,9.5,3.6,9.1,40.1,0.8,2.7,30.6,1.5,1.8,79.8,0.7,2.4,3.2,2.8,1.7,0.1,1.9,1
Michael Finley,82,39.2,15.0,5.7,11.9,47.6,0.7,2.3,32.8,3.0,3.9,74.9,1.7,2.9,4.6,3.5,1.0,0.4,1.6,1
Doug Smith,76,22.5,8.8,3.8,9.2,41.5,0.0,0.1,0.0,1.2,1.6,73.6,1.7,3.4,5.1,1.7,0.8,0.5,1.3,1
Greg Oden,61,21.5,8.9,3.2,5.8,56.4,0.0,0.0,0.0,2.4,3.7,63.7,2.8,4.2,7.0,0.5,0.4,1.1,1.4,0
Spencer Dinwiddie,34,13.4,4.3,1.5,5.0,30.2,0.4,1.9,18.5,0.9,1.0,91.2,0.1,1.3,1.4,3.1,0.6,0.2,1.0,0
Jarron Collins,70,20.6,6.4,2.3,4.9,46.1,0.0,0.0,0.0,1.9,2.6,74.0,2.0,2.3,4.2,0.8,0.4,0.3,0.8,1
Conner Henry,54,6.0,2.3,0.9,2.5,33.8,0.2,0.8,31.0,0.3,0.5,63.0,0.1,0.5,0.6,0.6,0.2,0.0,0.5,0
Nick Anderson,81,22.0,11.5,4.6,9.3,49.4,0.0,0.2,5.9,2.3,3.3,70.5,1.3,2.6,3.9,1.5,0.8,0.4,1.7,1
Harold Miner,73,18.9,10.3,4.0,8.4,47.5,0.0,0.1,33.3,2.2,2.9,76.2,1.0,1.0,2.0,1.0,0.5,0.1,1.3,0
Franklin Edwards,42,6.9,3.6,1.5,3.6,43.3,0.0,0.2,0.0,0.5,0.6,74.1,0.2,0.4,0.6,1.1,0.4,0.1,0.6,1
David Robinson*,82,36.6,24.3,8.4,15.9,53.1,0.0,0.0,0.0,7.5,10.2,73.2,3.7,8.3,12.0,2.0,1.7,3.9,3.1,1
Etan Thomas,47,13.1,4.3,1.7,3.2,53.6,0.0,0.0,0.0,0.9,1.6,55.4,1.2,2.7,3.9,0.1,0.4,0.7,0.6,1
Marcus Smart,67,27.0,7.8,2.6,7.1,36.7,1.4,4.1,33.5,1.2,1.9,64.6,0.9,2.4,3.3,3.1,1.5,0.3,1.3,0
Adam Harrington,19,5.8,1.6,0.6,1.9,29.7,0.3,0.7,35.7,0.2,0.2,75.0,0.1,0.4,0.4,0.6,0.1,0.1,0.1,0
Gerald Wilkins,81,25.0,12.5,5.4,11.5,46.8,0.1,0.3,28.0,1.6,2.9,55.7,1.1,1.4,2.6,2.0,0.8,0.1,1.9,1
Jodie Meeks,60,12.0,4.7,1.7,4.5,38.8,0.7,2.2,31.8,0.5,0.7,79.5,0.1,1.5,1.6,0.7,0.3,0.1,0.4,1
Glen Davis,69,13.6,4.5,1.6,3.2,48.4,0.0,0.0,0.0,1.4,2.2,66.0,1.4,1.6,3.0,0.4,0.5,0.3,0.9,1
Dajuan Wagner,47,29.5,13.4,4.7,12.9,36.9,1.2,3.7,31.6,2.7,3.4,80.0,0.4,1.3,1.7,2.8,0.8,0.1,1.8,0
Jamal Robinson,47,14.3,5.6,2.3,5.1,44.6,0.0,0.2,18.2,1.0,1.7,58.8,0.4,1.1,1.5,2.8,0.7,0.2,1.6,0
Cole Aldrich,18,7.9,1.0,0.4,0.8,53.3,0.0,0.0,0.0,0.1,0.2,50.0,0.7,1.2,1.9,0.2,0.3,0.4,0.4,1
Malcolm Lee,19,12.8,3.3,1.2,3.1,39.0,0.1,0.5,20.0,0.7,0.9,82.4,0.5,0.9,1.4,1.6,0.4,0.2,0.9,0
Doug Lee,46,6.7,2.6,1.1,2.5,43.1,0.2,0.8,27.0,0.2,0.4,52.6,0.4,0.4,0.8,0.5,0.2,0.0,0.3,0
Brandon Jennings,82,32.6,15.5,5.5,14.8,37.1,1.8,4.7,37.4,2.7,3.3,81.7,0.6,2.8,3.4,5.7,1.3,0.2,2.4,1
Rodney McCray,79,26.3,10.8,4.2,8.5,49.9,0.0,0.1,25.0,2.3,3.2,73.1,2.2,3.5,5.7,2.2,0.7,0.7,1.5,1
Marcus Landry,18,6.2,2.4,0.9,2.4,37.2,0.5,1.6,32.1,0.2,0.3,60.0,0.3,0.8,1.1,0.0,0.1,0.1,0.3,0
Marlon Garnett,24,8.5,2.1,0.6,2.1,29.4,0.3,1.0,26.1,0.6,0.8,75.0,0.1,0.8,0.9,0.8,0.2,0.0,0.5,0
Hot Rod Williams,80,33.9,14.6,5.4,11.2,48.5,0.0,0.0,0.0,3.7,5.0,74.5,2.8,5.1,7.9,1.9,0.7,2.1,1.7,1
Pete Williams,53,10.8,2.8,1.3,2.1,60.4,0.0,0.0,0.0,0.3,0.8,42.5,0.9,1.9,2.8,0.3,0.4,0.4,0.4,0
Brandon Hunter,36,11.3,3.5,1.5,3.2,45.7,0.0,0.1,0.0,0.5,1.2,44.2,1.4,1.9,3.3,0.5,0.4,0.0,0.6,0
Sherman Douglas,81,30.5,14.3,5.7,11.6,49.4,0.1,0.4,16.1,2.8,4.0,68.7,0.9,1.7,2.5,7.6,1.8,0.1,3.0,1
Kevin Duckworth,65,13.5,5.4,2.0,4.2,47.6,0.0,0.0,0.0,1.4,2.1,68.7,1.2,2.3,3.4,0.4,0.3,0.3,1.2,1
Doc Rivers,81,23.9,9.3,3.1,6.7,46.2,0.0,0.1,16.7,3.1,4.0,78.5,0.9,1.8,2.7,3.9,1.6,0.4,2.1,1
Armen Gilliam,55,32.9,14.8,6.2,13.1,47.5,0.0,0.0,0.0,2.4,3.5,67.9,2.4,5.5,7.9,1.3,1.1,0.5,2.2,1
Jonathon Simmons,55,14.8,6.0,2.2,4.4,50.4,0.3,0.9,38.3,1.3,1.7,75.0,0.3,1.5,1.7,1.1,0.4,0.1,1.0,0
Mike Taylor,51,15.1,5.7,2.2,5.2,41.2,0.3,0.8,32.5,1.1,1.6,69.1,0.4,1.3,1.7,2.1,0.7,0.0,1.4,0
Bernard James,46,9.9,2.8,1.2,2.2,51.5,0.0,0.0,0.0,0.5,0.9,61.0,1.1,1.7,2.8,0.1,0.3,0.8,0.4,0
Damian Lillard,82,38.6,19.0,6.7,15.7,42.9,2.3,6.1,36.8,3.3,3.9,84.4,0.5,2.6,3.1,6.5,0.9,0.2,3.0,1
John Paxson,49,9.3,2.9,1.2,2.8,44.5,0.1,0.4,18.2,0.3,0.5,61.5,0.1,0.6,0.7,3.0,0.2,0.0,0.7,1
Solomon Hill,28,8.1,1.7,0.6,1.4,42.5,0.3,0.8,30.4,0.2,0.3,85.7,0.3,1.1,1.5,0.4,0.2,0.1,0.5,0
Greg Buckner,48,19.2,5.7,2.3,4.9,47.6,0.2,0.5,38.5,0.9,1.3,68.3,1.2,2.5,3.6,1.1,0.8,0.4,0.8,1
Garrett Temple,27,12.4,5.0,1.6,3.7,43.6,0.5,1.4,35.1,1.3,1.9,70.0,0.2,0.9,1.1,0.8,0.5,0.2,1.0,1
C.J. McCollum,38,12.5,5.3,1.9,4.7,41.6,0.8,2.1,37.5,0.6,0.9,67.6,0.2,1.1,1.3,0.7,0.4,0.1,0.9,0
Craig Neal,53,9.4,2.2,0.8,2.3,36.6,0.2,0.6,29.4,0.3,0.4,60.9,0.1,0.4,0.5,2.2,0.5,0.1,1.0,0
DeMarre Carroll,71,11.2,2.9,1.2,3.1,39.6,0.0,0.1,0.0,0.5,0.7,62.3,0.7,1.4,2.1,0.5,0.4,0.1,0.3,1
Nick Collison,82,17.0,5.6,2.3,4.3,53.7,0.0,0.0,0.0,1.0,1.4,70.3,1.9,2.7,4.6,0.4,0.4,0.6,0.8,1
P.J. Brown,79,24.7,5.7,2.1,5.1,41.5,0.0,0.1,16.7,1.5,1.9,75.7,2.4,3.9,6.2,1.2,0.9,1.2,0.9,1
Brandon Roy,57,35.4,16.8,6.1,13.4,45.6,1.0,2.6,37.7,3.5,4.2,83.8,1.0,3.4,4.4,4.0,1.2,0.2,2.0,1
Mardy Collins,52,14.9,4.5,1.7,4.4,38.2,0.3,0.9,27.7,0.9,1.6,58.5,0.5,1.5,2.0,1.6,0.6,0.1,1.1,0
Mike Iuzzolino,52,24.6,9.3,3.1,6.8,45.1,1.1,2.6,43.4,2.1,2.5,83.6,0.5,1.4,1.9,3.7,0.6,0.0,1.8,0
MarShon Brooks,56,29.4,12.6,4.9,11.4,42.8,0.8,2.7,31.3,2.0,2.6,76.4,1.3,2.3,3.6,2.3,0.9,0.3,2.1,0
Chris Jefferies,51,13.1,3.9,1.5,3.8,38.7,0.4,1.1,33.3,0.6,0.8,67.4,0.3,0.8,1.2,0.4,0.4,0.3,0.9,0
Joe Dumars*,82,23.9,9.4,3.5,7.3,48.1,0.1,0.2,31.3,2.3,2.9,79.8,0.7,0.7,1.5,4.8,0.8,0.1,1.9,1
Patrick Ewing,50,35.4,20.0,7.7,16.3,47.4,0.0,0.1,0.0,4.5,6.1,73.9,2.5,6.5,9.0,2.0,1.1,2.1,3.4,0
Zach Randolph,41,5.8,2.8,1.2,2.6,44.9,0.0,0.0,0.0,0.4,0.7,66.7,0.8,0.9,1.7,0.3,0.2,0.1,0.4,1
Rajon Rondo,78,23.5,6.4,2.4,5.8,41.8,0.1,0.4,20.7,1.5,2.4,64.7,0.9,2.8,3.7,3.8,1.6,0.1,1.8,1
Corny Thompson,44,11.8,2.8,1.0,3.1,31.4,0.0,0.0,0.0,0.8,1.0,78.3,0.9,1.8,2.7,0.8,0.3,0.2,0.7,0
Dee Brown,49,9.2,1.9,0.7,2.0,32.7,0.1,0.6,21.4,0.5,0.8,64.9,0.2,0.7,0.8,1.7,0.5,0.1,0.6,1
Clifford Rozier,66,22.6,6.8,2.9,5.9,48.5,0.0,0.1,28.6,1.0,2.3,44.7,3.0,4.3,7.4,0.7,0.5,0.6,1.4,0
Jon Barry,47,11.7,4.4,1.6,4.4,36.9,0.4,1.3,33.3,0.7,1.0,67.3,0.2,0.7,0.9,1.4,0.7,0.1,0.9,1
Dave Batton,54,10.3,3.3,1.6,3.5,44.5,0.0,0.1,0.0,0.1,0.3,47.1,0.8,1.4,2.2,0.5,0.3,0.2,0.5,0
Joe Wolf,42,27.1,7.6,3.2,8.0,40.7,0.1,0.4,20.0,1.1,1.3,83.3,1.2,3.2,4.5,2.3,0.9,0.4,1.8,1
Kenny Satterfield,36,15.6,5.3,2.0,5.5,36.7,0.2,0.8,25.9,1.0,1.3,78.3,0.5,1.0,1.4,3.0,0.9,0.0,1.5,0
Glen Rice,77,30.0,13.6,6.1,13.9,43.9,0.2,0.9,24.6,1.2,1.6,73.4,1.3,3.3,4.6,1.8,0.9,0.3,1.5,0
Keith Smith,42,11.0,3.3,1.4,3.6,38.0,0.1,0.2,33.3,0.5,0.7,75.0,0.3,0.5,0.8,1.0,0.6,0.1,0.7,0
Anthony Goldwire,42,14.8,5.5,1.8,4.5,40.2,0.8,2.0,39.8,1.1,1.4,76.7,0.2,0.8,1.0,2.7,0.4,0.0,1.5,1
Mike Gminski,56,28.2,13.2,5.2,12.3,42.3,0.0,0.0,0.0,2.8,3.6,76.7,2.4,5.0,7.5,1.3,1.0,1.8,2.3,1
Kevin Edwards,79,29.7,13.8,5.9,14.0,42.5,0.1,0.5,27.0,1.8,2.4,74.6,1.1,2.2,3.3,4.4,1.8,0.3,3.1,1
Carlos Rogers,49,20.8,8.9,3.7,6.9,52.9,0.0,0.3,14.3,1.6,3.0,52.1,2.2,3.5,5.7,0.8,0.5,1.1,1.7,1
Wayman Tisdale,81,28.1,14.7,6.4,12.4,51.5,0.0,0.0,0.0,2.0,2.9,68.4,2.4,4.9,7.2,1.0,0.4,0.5,2.3,1
Harold Ellis,49,18.8,8.7,3.2,6.0,54.5,0.0,0.1,0.0,2.2,3.0,71.1,1.9,1.2,3.1,0.6,1.5,0.0,0.9,0
James Johnson,68,14.4,5.3,1.9,3.5,54.2,0.0,0.0,0.0,1.5,2.5,59.4,1.6,3.0,4.5,0.6,0.1,1.1,1.0,1
Chris Dudley,55,9.3,3.1,1.2,2.5,47.4,0.0,0.0,0.0,0.7,1.3,56.3,1.3,1.3,2.6,0.4,0.2,0.3,0.6,1
DeMar DeRozan,77,21.6,8.6,3.3,6.6,49.8,0.1,0.2,25.0,1.9,2.5,76.3,0.9,2.0,2.9,0.7,0.6,0.2,0.8,1
Derek Anderson,66,27.9,11.7,3.6,8.9,40.8,0.3,1.3,20.2,4.2,4.8,87.3,0.8,2.0,2.8,3.4,1.3,0.2,1.9,1
Jim Thomas,72,16.9,6.3,2.6,5.6,46.4,0.0,0.2,9.1,1.1,1.5,72.7,0.8,1.3,2.1,1.8,0.8,0.1,1.0,0
Travis Knight,71,16.3,4.8,2.0,3.9,50.9,0.0,0.0,0.0,0.9,1.4,62.0,1.8,2.7,4.5,0.5,0.4,0.8,0.7,1
Brian Shaw,82,28.1,8.6,3.6,8.4,43.3,0.0,0.2,0.0,1.3,1.6,82.6,1.5,3.1,4.6,5.8,0.9,0.3,2.3,1
Ryan Humphrey,48,9.3,1.9,0.7,2.5,29.2,0.0,0.0,0.0,0.5,0.8,59.0,0.7,1.4,2.1,0.2,0.2,0.4,0.5,0
Randolph Keys,42,7.9,4.0,1.8,4.1,43.0,0.0,0.2,10.0,0.5,0.7,69.0,0.5,0.8,1.3,0.5,0.3,0.1,0.5,1
Jack Haley,51,5.7,2.2,0.7,1.5,47.4,0.0,0.0,0.0,0.7,0.9,78.3,0.4,1.0,1.4,0.2,0.2,0.0,0.5,1
Ben McLemore,82,26.7,8.8,3.1,8.3,37.6,1.2,3.6,32.0,1.4,1.7,80.4,0.6,2.2,2.9,1.0,0.6,0.2,1.2,0
Lee Nailon,42,11.2,3.9,1.6,3.2,48.5,0.0,0.0,0.0,0.8,1.0,74.4,0.7,1.5,2.2,0.6,0.2,0.1,0.6,1
Jimmy Butler,42,8.5,2.6,0.8,1.9,40.5,0.0,0.3,18.2,1.0,1.3,76.8,0.5,0.8,1.3,0.3,0.3,0.1,0.3,1
Stephen Thompson,19,4.8,1.6,0.7,1.9,37.8,0.0,0.1,0.0,0.2,0.4,37.5,0.6,0.4,1.0,0.4,0.3,0.2,0.3,0
Winston Bennett,55,18.0,6.1,2.5,5.2,47.9,0.0,0.0,0.0,1.2,1.7,66.7,1.5,1.9,3.4,1.0,0.4,0.2,1.1,0
Mark Aguirre,51,28.8,18.7,7.5,16.1,46.5,0.5,1.4,35.2,3.3,4.8,68.0,1.7,3.1,4.9,3.2,0.7,0.4,2.6,1
Larry Micheaux,39,8.5,3.1,1.3,2.3,54.4,0.0,0.0,0.0,0.5,1.0,53.8,1.0,1.9,2.9,0.5,0.5,0.3,0.5,0
Quentin Richardson,76,17.9,8.1,3.1,6.9,44.2,0.7,2.0,33.1,1.3,2.1,62.7,1.4,2.0,3.4,0.8,0.6,0.1,0.8,1
Lorenzo Romar,53,13.7,4.1,1.6,4.0,41.2,0.0,0.1,33.3,0.8,1.2,68.3,0.2,0.9,1.1,2.6,0.5,0.1,1.0,1
Charles Jones,29,16.4,3.7,1.3,4.2,31.7,0.7,2.1,31.1,0.4,0.8,50.0,0.3,1.1,1.4,1.4,0.6,0.2,1.0,0
Courtney Lee,77,25.2,8.4,3.2,7.0,45.0,1.1,2.6,40.4,1.0,1.2,83.0,0.2,2.1,2.3,1.2,1.0,0.2,0.9,1
Danny Vranes,77,14.0,4.9,1.9,3.4,54.6,0.0,0.0,0.0,1.2,1.9,60.1,0.9,1.6,2.6,0.7,0.4,0.3,0.9,1
Marlon Maxey,43,12.1,5.4,2.2,3.9,55.0,0.0,0.0,0.0,1.0,1.6,64.3,1.5,2.3,3.8,0.3,0.3,0.4,0.9,0
Larry Drew,76,20.8,6.6,2.6,6.4,40.7,0.1,0.2,23.5,1.4,1.8,79.7,0.3,1.3,1.6,3.3,1.2,0.1,2.2,1
Allen Iverson*,76,40.1,23.5,8.2,19.8,41.6,2.0,6.0,34.1,5.0,7.2,70.2,1.5,2.6,4.1,7.5,2.1,0.3,4.4,1
Steve Harris,57,8.5,4.5,1.8,4.1,44.2,0.0,0.1,20.0,0.9,0.9,92.6,0.4,0.6,1.0,0.9,0.4,0.1,0.6,1
Billy Owens,80,31.4,14.3,5.9,11.1,52.5,0.0,0.1,11.1,2.6,3.9,65.4,3.0,5.0,8.0,2.4,1.1,0.8,2.2,1
Tim Perry,62,9.9,4.1,1.7,3.2,53.7,0.0,0.1,25.0,0.6,1.0,61.5,1.0,1.1,2.1,0.3,0.3,0.5,0.6,1
Sonny Parker,77,29.4,9.2,3.5,8.3,41.9,0.8,2.5,32.3,1.4,2.1,67.5,0.4,2.1,2.6,4.3,1.2,0.1,2.0,1
Devin Harris,76,15.4,5.7,2.1,4.8,42.9,0.6,1.7,33.6,1.0,1.4,75.7,0.4,1.0,1.3,2.2,1.0,0.3,1.1,1
Al Thornton,79,27.3,12.7,4.7,11.0,42.9,0.5,1.6,33.1,2.7,3.6,74.3,1.2,3.3,4.5,1.2,0.6,0.5,1.6,0
Mario West,64,4.2,0.9,0.3,0.8,42.9,0.0,0.1,0.0,0.3,0.4,65.4,0.4,0.3,0.8,0.2,0.2,0.1,0.1,0
Darren Collison,76,27.8,12.4,4.9,10.4,47.7,0.6,1.5,40.0,1.9,2.3,85.1,0.5,2.0,2.5,5.7,1.0,0.1,2.7,1
Adam Keefe,82,18.9,6.6,2.3,4.6,50.0,0.0,0.0,0.0,2.0,2.9,70.0,2.1,3.2,5.3,1.0,0.7,0.2,1.2,1
Andrew Bynum,46,7.3,1.6,0.7,1.8,40.2,0.0,0.0,0.0,0.2,0.6,29.6,0.7,1.0,1.7,0.2,0.1,0.5,0.4,1
Rondae Hollis-Jefferson,29,21.2,5.8,2.2,4.8,45.7,0.1,0.5,28.6,1.3,1.8,71.2,1.3,4.0,5.3,1.5,1.3,0.6,0.9,0
Mike Scott,40,9.4,4.6,1.8,3.7,47.6,0.0,0.0,0.0,1.1,1.4,76.8,1.0,1.8,2.8,0.3,0.1,0.1,0.5,1
Jim Smith,72,11.9,2.9,1.2,2.3,50.9,0.0,0.0,0.0,0.5,1.2,45.9,1.0,1.5,2.5,0.6,0.3,0.7,0.7,0
Bob Martin,43,6.7,3.4,1.2,3.1,37.8,0.1,0.3,20.0,1.0,1.5,63.6,0.3,0.7,1.0,0.8,0.3,0.1,0.8,0
Matt Harpring,50,22.3,8.2,3.0,6.4,46.3,0.2,0.5,40.0,2.0,2.9,71.3,1.8,2.5,4.3,0.9,0.6,0.1,1.5,1
Anthony Carter,79,23.5,6.3,2.5,6.4,39.5,0.0,0.3,13.0,1.2,1.6,75.0,0.6,1.9,2.5,4.8,1.2,0.1,2.2,1
Derrick Coleman,74,35.2,18.4,6.9,14.9,46.7,0.2,0.5,34.2,4.4,6.0,73.1,3.6,6.6,10.3,2.2,1.0,1.3,2.9,1
Jud Buechler,74,11.6,3.1,1.3,3.1,41.6,0.0,0.1,25.0,0.6,0.9,65.2,0.8,1.1,1.9,0.7,0.5,0.2,0.3,1
Ken Johnson,64,12.7,4.1,1.8,3.3,52.8,0.0,0.0,0.0,0.6,1.3,43.5,1.4,2.4,3.8,0.3,0.2,0.3,0.9,0
Leon Wood,38,7.1,3.2,1.3,3.5,37.3,0.1,0.8,13.3,0.5,0.7,69.2,0.1,0.4,0.5,1.2,0.2,0.0,0.7,1
Eric Williams,64,23.0,10.7,3.8,8.5,44.1,0.0,0.2,30.0,3.1,4.7,67.1,1.4,2.0,3.4,1.1,0.9,0.2,1.4,1
Sam Mitchell,80,30.2,12.7,4.7,10.4,44.6,0.0,0.1,0.0,3.4,4.4,76.8,2.3,3.5,5.8,1.1,0.8,0.7,1.2,1
Antoine Carr,62,19.3,8.0,3.2,6.0,52.8,0.0,0.1,33.3,1.6,2.1,78.9,1.3,2.5,3.7,1.3,0.5,1.3,1.7,1
Cedric Henderson,82,30.8,10.1,4.2,8.8,48.0,0.0,0.0,0.0,1.7,2.3,71.6,0.9,3.1,4.0,2.0,1.2,0.6,2.0,1
Rodney Hood,50,21.3,8.7,3.1,7.5,41.4,1.2,3.4,36.5,1.2,1.6,76.3,0.2,2.2,2.3,1.7,0.6,0.2,0.9,0
Cedric Henderson,82,30.8,10.1,4.2,8.8,48.0,0.0,0.0,0.0,1.7,2.3,71.6,0.9,3.1,4.0,2.0,1.2,0.6,2.0,0
Lazar Hayward,42,10.0,3.8,1.3,3.7,35.7,0.4,1.4,28.3,0.8,1.0,78.6,0.5,1.1,1.7,0.7,0.3,0.2,0.5,0
Dallas Comegys,75,15.0,5.6,2.1,4.8,43.0,0.0,0.0,0.0,1.4,2.0,70.7,0.7,2.2,2.9,0.9,0.5,0.9,1.6,0
Corliss Williamson,53,11.5,5.6,2.4,5.1,46.6,0.0,0.1,0.0,0.9,1.6,56.0,1.1,1.1,2.2,0.4,0.2,0.2,1.4,1
George Hill,77,16.5,5.7,1.9,4.8,40.3,0.3,0.9,32.9,1.5,1.9,78.1,0.4,1.7,2.1,1.8,0.6,0.3,1.0,1
Donell Taylor,51,9.1,2.7,1.0,2.7,39.0,0.1,0.3,23.5,0.6,0.8,69.8,0.3,0.7,1.0,0.9,0.6,0.1,0.7,0
Monta Ellis,49,18.1,6.8,2.7,6.5,41.5,0.6,1.7,34.1,0.9,1.2,71.2,0.4,1.7,2.1,1.6,0.7,0.2,1.2,1
A.J. English,70,20.6,8.8,3.6,8.2,43.9,0.0,0.4,9.7,1.6,2.2,70.7,0.9,1.2,2.1,2.5,0.4,0.2,1.6,0
Allan Ray,47,15.1,6.2,2.1,5.5,38.6,1.0,2.5,41.4,0.9,1.2,76.4,0.4,1.1,1.5,0.9,0.4,0.1,0.9,0
Jason Williams,50,36.1,12.8,4.6,12.3,37.4,2.0,6.5,31.0,1.6,2.1,75.2,0.3,2.8,3.1,6.0,1.9,0.0,2.9,1
Earl Boykins,22,10.0,3.0,1.4,3.6,38.0,0.1,0.8,16.7,0.1,0.1,66.7,0.3,0.5,0.8,1.5,0.3,0.0,0.9,1
Vernon Maxwell,79,26.1,11.7,4.5,10.5,43.2,0.4,1.6,24.8,2.3,3.1,74.5,0.6,1.9,2.6,3.8,1.1,0.1,2.3,1
Wayne Ellington,76,18.2,6.6,2.5,5.9,42.4,0.8,2.1,39.5,0.8,0.9,87.1,0.4,1.7,2.1,1.0,0.3,0.1,1.0,1
LaBradford Smith,48,14.8,5.1,2.1,5.1,40.7,0.0,0.4,9.5,0.9,1.2,80.4,0.6,1.1,1.7,2.1,0.9,0.0,1.3,0
Clifford Robinson,82,19.1,9.1,3.6,9.2,39.7,0.1,0.5,27.3,1.7,3.1,55.0,1.3,2.4,3.8,0.9,0.7,0.7,1.6,1
Norman Powell,49,14.8,5.6,2.0,4.7,42.4,0.7,1.8,40.4,0.9,1.1,81.1,0.3,1.9,2.3,1.0,0.6,0.2,0.7,0
O.J. Mayo,82,38.0,18.5,6.9,15.6,43.8,1.8,4.6,38.4,3.0,3.4,87.9,0.7,3.1,3.8,3.2,1.1,0.2,2.8,1
Russ Schoene,77,15.9,6.2,2.7,5.6,47.6,0.0,0.1,25.0,0.8,1.1,73.5,1.2,2.1,3.3,0.8,0.3,0.3,1.1,0
Junior Harrington,82,24.4,5.1,2.1,5.7,36.2,0.1,0.3,25.0,0.9,1.4,65.2,0.5,2.5,3.0,3.4,1.0,0.2,1.9,0
Darrell Walker,82,16.1,7.9,2.6,6.3,41.7,0.0,0.2,26.7,2.5,3.2,79.1,0.9,1.1,2.0,3.5,1.6,0.2,2.4,1
Tracy Moore,42,18.6,8.5,3.1,7.7,40.0,0.7,2.0,35.7,1.5,1.9,83.3,0.7,1.2,2.0,1.1,0.8,0.1,1.1,1
Cory Alexander,59,12.1,4.7,1.7,4.2,41.6,0.3,0.8,34.8,1.0,1.4,69.9,0.7,1.2,1.9,0.7,0.3,0.5,0.9,1
Bobby Jones,44,7.6,2.5,1.0,2.1,46.2,0.0,0.2,11.1,0.5,0.9,56.1,0.5,0.8,1.3,0.4,0.3,0.0,0.4,1
Zach LaVine,77,24.7,10.1,3.7,8.8,42.2,0.7,2.2,34.1,1.9,2.3,84.2,0.4,2.4,2.8,3.6,0.7,0.1,2.5,0
Tharon Mayes,24,10.6,4.1,1.3,4.1,30.3,0.6,1.7,36.6,1.0,1.5,66.7,0.1,0.5,0.7,1.5,0.7,0.1,1.3,0
Alton Ford,53,8.5,3.1,1.2,2.2,51.7,0.0,0.0,0.0,0.8,1.1,73.7,0.6,1.4,2.0,0.1,0.1,0.1,0.6,0
Mark Jackson,82,39.6,13.6,5.3,12.4,43.2,0.4,1.5,25.4,2.5,3.2,77.4,1.5,3.4,4.8,10.6,2.5,0.1,3.1,1
Sean Williams,73,17.5,5.6,2.2,4.2,53.8,0.0,0.0,0.0,1.1,1.8,60.9,1.6,2.8,4.4,0.4,0.4,1.4,1.0,0
Lynn Greer,41,10.5,4.1,1.5,3.4,43.3,0.4,1.3,34.6,0.7,0.8,84.4,0.0,0.6,0.7,1.3,0.4,0.0,0.4,0
Darren Tillis,52,10.1,3.2,1.5,3.5,42.0,0.0,0.0,0.0,0.3,0.5,57.1,0.8,1.7,2.5,0.3,0.1,0.6,0.4,0
Josh Grant,53,7.2,3.0,1.1,2.8,40.4,0.3,1.2,27.9,0.4,0.5,75.9,0.5,1.2,1.7,0.5,0.3,0.1,0.6,0
Albert King,76,22.3,12.1,5.1,10.7,48.2,0.0,0.2,23.1,1.8,2.3,77.8,1.4,2.7,4.1,1.9,0.8,0.5,2.4,1
Alec Burks,59,15.9,7.2,2.6,6.1,42.9,0.3,0.8,33.3,1.8,2.4,72.7,1.0,1.3,2.2,0.9,0.5,0.1,0.9,1
Jay Humphries,80,25.8,8.8,3.5,7.8,44.6,0.1,0.3,20.0,1.8,2.1,82.9,0.4,1.7,2.1,4.4,1.3,0.1,2.1,1
Loy Vaught,73,16.1,5.5,2.4,4.9,48.7,0.0,0.0,0.0,0.7,1.0,66.2,1.7,3.1,4.8,0.5,0.3,0.3,0.7,1
Bryant Reeves,77,31.9,13.3,5.2,11.4,45.7,0.0,0.0,0.0,2.8,3.9,73.2,2.3,5.1,7.4,1.4,0.6,0.7,2.0,1
Jason Thompson,82,28.1,11.1,4.3,8.7,49.7,0.0,0.1,0.0,2.4,3.5,69.2,2.9,4.5,7.4,1.1,0.6,0.7,1.8,1
Rodney Carney,67,17.4,6.6,2.7,5.9,46.4,0.4,1.1,34.7,0.8,1.3,60.9,0.6,1.3,1.9,0.4,0.6,0.3,0.6,1
Derrick Williams,66,21.5,8.8,3.1,7.5,41.2,0.6,2.1,26.8,2.1,3.0,69.7,1.2,3.5,4.7,0.6,0.5,0.5,1.2,1
Cody Zeller,82,17.3,6.0,2.1,4.9,42.6,0.0,0.0,0.0,1.8,2.4,73.0,1.4,2.9,4.3,1.1,0.5,0.5,1.1,0
Corie Blount,67,10.3,3.0,1.1,2.6,43.7,0.0,0.0,0.0,0.7,1.1,61.3,1.1,1.8,2.9,0.8,0.3,0.5,0.8,1
Walter Bond,74,21.3,8.0,3.1,7.6,40.2,0.1,0.6,16.7,1.7,2.3,77.2,0.7,1.9,2.6,1.6,1.0,0.2,1.5,0
Archie Goodwin,52,10.3,3.7,1.5,3.2,45.5,0.1,0.7,13.9,0.7,1.1,67.3,0.5,1.2,1.7,0.4,0.4,0.2,0.8,0
Anthony Bonner,52,12.8,4.2,1.5,4.3,35.6,0.3,1.0,24.5,0.8,1.3,63.8,0.9,2.0,3.0,0.3,0.4,0.1,0.9,1
Greg Kite,35,5.6,1.9,0.9,1.9,45.5,0.0,0.0,0.0,0.1,0.5,31.3,0.8,1.0,1.8,0.2,0.0,0.1,0.6,1
Ricky Wilson,24,17.5,5.2,1.8,4.6,39.1,0.4,1.1,38.5,1.2,1.7,72.5,0.1,1.0,1.1,2.9,1.0,0.1,1.0,0
Don MacLean,62,10.9,6.6,2.5,5.8,43.5,0.0,0.1,50.0,1.5,1.8,81.1,0.5,1.4,2.0,0.6,0.2,0.1,0.7,1
Cedrick Hordges,68,23.5,8.4,3.3,7.1,46.0,0.0,0.0,0.0,1.9,2.7,69.9,1.8,5.0,6.7,1.5,0.5,0.3,1.8,0
John Williams,78,22.7,9.2,3.6,8.0,45.4,0.1,0.5,22.2,1.8,2.9,64.6,1.7,3.0,4.7,2.4,1.6,0.4,1.6,1
Trevor Ruffin,49,6.5,4.8,1.7,4.0,42.6,0.8,2.0,38.4,0.6,0.8,71.1,0.2,0.3,0.5,1.0,0.3,0.0,1.0,0
Anthony Davis,64,28.8,13.5,5.5,10.6,51.6,0.0,0.1,0.0,2.6,3.5,75.1,2.6,5.6,8.2,1.0,1.2,1.8,1.4,1
Anthony Frederick,46,6.8,3.3,1.4,2.7,50.4,0.0,0.1,40.0,0.5,0.7,70.6,0.6,0.6,1.1,0.4,0.3,0.1,0.7,0
Ryan Anderson,66,19.9,7.4,2.4,6.2,39.3,1.0,2.9,36.5,1.5,1.8,84.5,1.6,3.1,4.7,0.8,0.7,0.3,0.9,1
Kay Felder,15,11.0,5.4,1.8,4.1,43.5,0.3,0.6,44.4,1.5,2.0,76.7,0.1,1.1,1.3,1.9,0.4,0.2,0.7,0
Kurt Rambis,64,17.7,4.6,1.8,3.6,51.8,0.0,0.0,0.0,0.9,1.8,50.4,1.8,3.6,5.4,0.9,0.9,1.2,1.2,1
Jerrod Mustaf,62,13.3,4.3,1.7,3.7,46.5,0.0,0.0,0.0,0.9,1.4,64.4,0.8,1.9,2.7,0.6,0.2,0.2,1.0,0
Andre Barrett,38,12.7,3.1,1.2,3.3,36.3,0.4,1.4,26.9,0.4,0.5,73.7,0.3,0.8,1.1,1.8,0.5,0.0,0.7,0
Chandler Parsons,63,28.6,9.5,3.9,8.7,45.2,1.0,2.8,33.7,0.7,1.2,55.1,1.4,3.3,4.8,2.1,1.2,0.5,1.3,1
Lee Mayberry,82,18.3,5.2,2.1,4.6,45.6,0.5,1.3,39.1,0.5,0.8,57.4,0.3,1.1,1.4,3.3,0.7,0.1,1.0,1
Lorenzo Charles,36,7.6,3.4,1.4,2.4,55.7,0.0,0.0,0.0,0.7,1.0,66.7,0.4,0.7,1.1,0.2,0.1,0.2,0.5,0
Orien Greene,80,15.4,3.2,1.3,3.2,39.5,0.1,0.5,22.5,0.6,0.9,66.2,0.5,1.4,1.8,1.6,1.0,0.1,1.4,0
Jon Leuer,46,12.1,4.7,2.1,4.2,50.8,0.1,0.2,33.3,0.5,0.6,75.0,1.0,1.6,2.6,0.5,0.3,0.4,0.4,1
Hersey Hawkins,79,32.6,15.1,5.6,12.3,45.5,0.9,2.1,42.8,3.1,3.7,83.1,0.6,2.2,2.8,3.0,1.5,0.5,2.0,1
Vincent Yarbrough,59,23.4,6.9,2.8,7.3,39.3,0.4,1.3,26.9,0.8,1.1,79.0,0.6,2.1,2.7,2.2,1.0,0.6,1.4,0
Jared Sullinger,45,19.8,6.0,2.5,5.0,49.3,0.0,0.1,20.0,1.0,1.4,74.6,2.0,3.8,5.9,0.8,0.5,0.5,0.6,0
Doug Roth,42,9.8,1.9,0.9,2.0,43.0,0.0,0.0,0.0,0.2,0.3,50.0,1.0,1.8,2.9,0.5,0.2,0.3,0.4,0
Terry Catledge,64,17.1,7.7,3.2,6.7,46.9,0.0,0.1,0.0,1.4,2.2,64.7,1.7,2.6,4.3,0.3,0.5,0.1,1.1,1
Paul Millsap,82,18.0,6.8,2.5,4.9,52.5,0.0,0.0,33.3,1.7,2.5,67.3,2.2,2.9,5.2,0.8,0.8,0.9,1.1,1
Tobias Harris,42,11.4,5.0,1.9,4.0,46.7,0.1,0.5,26.1,1.0,1.3,81.5,0.7,1.7,2.4,0.5,0.3,0.2,0.7,1
Juaquin Hawkins,58,11.8,2.3,1.0,2.6,38.5,0.2,0.4,41.7,0.2,0.3,50.0,0.3,1.1,1.3,0.8,0.5,0.1,0.5,0
Bobby Jones,44,7.6,2.5,1.0,2.1,46.2,0.0,0.2,11.1,0.5,0.9,56.1,0.5,0.8,1.3,0.4,0.3,0.0,0.4,0
Larry Nance Jr.,63,20.1,5.5,2.5,4.8,52.7,0.0,0.2,10.0,0.5,0.7,68.1,1.6,3.3,5.0,0.7,0.9,0.4,0.7,0
Jon Brockman,52,12.6,2.8,1.1,2.0,53.4,0.0,0.0,0.0,0.7,1.2,59.7,2.0,2.1,4.1,0.4,0.3,0.1,0.4,0
John Henson,63,13.1,6.0,2.6,5.3,48.2,0.0,0.0,0.0,0.9,1.7,53.3,1.8,2.9,4.7,0.5,0.3,0.7,0.8,1
Billy Donovan,44,8.3,2.4,1.0,2.5,40.4,0.0,0.2,0.0,0.4,0.5,81.0,0.1,0.5,0.6,2.0,0.4,0.0,0.9,0
Michael Jackson,58,13.1,2.7,1.1,2.9,37.4,0.1,0.4,24.0,0.4,0.6,71.9,0.3,0.7,1.0,3.1,0.3,0.1,1.0,0
B.J. Tyler,55,14.7,3.5,1.3,3.4,38.1,0.3,0.9,31.4,0.6,0.9,70.0,0.2,0.9,1.1,3.2,0.7,0.0,1.8,0
Joe Johnson,77,24.9,7.5,3.3,7.6,43.0,0.5,1.7,29.2,0.5,0.7,77.4,1.0,2.4,3.3,2.3,0.8,0.3,0.9,1
Charles Barkley*,82,28.6,14.0,5.2,9.5,54.5,0.0,0.1,16.7,3.6,4.9,73.3,3.2,5.3,8.6,1.9,1.2,1.0,2.5,1
Tyler Zeller,77,26.4,7.9,3.2,7.3,43.8,0.0,0.1,0.0,1.6,2.0,76.4,2.1,3.6,5.7,1.2,0.5,0.9,1.2,1
Devin Durrant,59,12.8,5.1,1.9,4.6,41.6,0.0,0.1,0.0,1.2,1.7,70.6,0.8,1.3,2.1,1.4,0.3,0.2,1.3,0
LeBron James,79,39.5,20.9,7.9,18.9,41.7,0.8,2.7,29.0,4.4,5.8,75.4,1.3,4.2,5.5,5.9,1.6,0.7,3.5,1
Jeremy Evans,49,9.4,3.6,1.6,2.3,66.1,0.0,0.0,0.0,0.5,0.8,70.3,0.7,1.2,2.0,0.5,0.3,0.3,0.4,1
Rasheed Wallace,65,27.5,10.1,4.2,8.7,48.7,0.4,1.3,32.9,1.2,1.8,65.0,1.4,3.2,4.7,1.3,0.7,0.8,1.6,1
Kelvin Upshaw,32,19.3,6.8,3.1,6.6,46.7,0.1,0.5,20.0,0.6,0.8,69.2,0.3,1.2,1.5,3.7,0.8,0.1,1.7,0
Reggie Bullock,43,9.2,2.7,1.0,2.8,35.5,0.5,1.7,30.1,0.2,0.2,77.8,0.3,1.0,1.3,0.3,0.2,0.0,0.3,0
Byron Scott,74,22.1,10.6,4.5,9.3,48.4,0.1,0.5,23.5,1.5,1.9,80.6,0.7,1.5,2.2,2.4,1.1,0.3,1.6,1
Bobby Brown,68,13.7,5.3,2.1,5.3,39.2,0.7,1.9,34.6,0.5,0.6,79.1,0.2,0.6,0.8,1.7,0.3,0.0,0.9,0
Terrence Ross,73,17.0,6.4,2.5,6.3,40.7,0.9,2.7,33.2,0.4,0.6,71.4,0.5,1.5,2.0,0.7,0.6,0.2,0.7,1
Kevin Lynch,55,14.9,4.1,1.7,4.1,41.7,0.1,0.1,37.5,0.6,0.8,76.1,0.5,1.0,1.5,1.5,0.7,0.2,0.8,0
Jamie Watson,60,11.2,3.3,1.3,2.5,50.0,0.1,0.3,26.3,0.6,0.9,67.9,0.3,1.0,1.2,1.0,0.6,0.2,0.8,0
Kevin Willis,82,21.8,9.3,3.9,8.4,46.7,0.0,0.1,22.2,1.5,2.2,65.7,2.2,4.2,6.4,0.4,0.4,0.6,1.3,1
Dane Suttle,40,11.7,6.5,2.7,5.4,50.9,0.0,0.1,0.0,1.0,1.2,85.1,0.5,0.6,1.2,1.2,0.5,0.0,0.8,0
Chris Douglas-Roberts,44,13.3,4.9,1.8,4.0,46.0,0.1,0.3,25.0,1.2,1.4,82.3,0.3,0.8,1.1,1.2,0.3,0.2,0.7,1
Carlos Rogers,81,25.3,10.0,4.1,7.6,53.6,0.0,0.0,0.0,1.8,2.4,77.1,2.5,5.0,7.5,1.3,0.7,0.6,1.3,1
Jalen Rose,81,22.2,8.2,2.8,6.2,45.4,0.4,1.4,31.6,2.1,2.9,73.9,0.7,2.0,2.7,4.8,0.8,0.3,2.0,1
Kerry Kittles,82,36.7,16.4,6.2,14.5,42.6,1.9,5.1,37.7,2.1,2.8,77.1,1.3,2.6,3.9,3.0,1.9,0.4,1.6,1
P.J. Hairston,45,15.3,5.6,1.9,6.0,32.3,1.1,3.6,30.1,0.7,0.8,86.1,0.5,1.6,2.0,0.5,0.5,0.3,0.5,0
Popeye Jones,81,21.9,5.8,2.4,5.0,47.9,0.0,0.0,0.0,1.0,1.3,72.9,3.7,3.8,7.5,1.2,0.8,0.4,1.2,1
Justin Anderson,55,11.8,3.8,1.3,3.2,40.6,0.4,1.5,26.5,0.8,1.0,80.0,0.3,2.1,2.4,0.5,0.3,0.5,0.4,0
Al-Farouq Aminu,81,17.9,5.6,2.0,5.0,39.4,0.6,1.8,31.5,1.1,1.5,77.3,0.9,2.4,3.3,0.7,0.7,0.3,1.3,1
Lance Thomas,42,15.0,4.0,1.4,3.0,45.2,0.0,0.0,0.0,1.2,1.5,83.9,1.2,1.8,3.0,0.3,0.2,0.2,0.6,1
Shaquille O'Neal*,81,37.9,23.4,9.0,16.1,56.2,0.0,0.0,0.0,5.3,8.9,59.2,4.2,9.6,13.9,1.9,0.7,3.5,3.8,1
Dale Davis,64,20.3,6.2,2.4,4.4,55.2,0.0,0.0,0.0,1.4,2.4,57.2,2.5,3.9,6.4,0.5,0.4,1.2,0.8,1
Jamie Feick,41,15.2,3.7,1.4,3.8,35.7,0.1,0.3,35.7,0.8,1.6,50.7,2.0,3.2,5.2,0.6,0.4,0.3,0.8,1
Chris Herren,45,13.3,3.1,1.0,2.8,36.3,0.5,1.5,35.8,0.6,0.9,67.5,0.3,0.9,1.2,2.5,0.3,0.0,0.9,0
Dion Waiters,61,28.8,14.7,5.5,13.4,41.2,1.0,3.3,31.0,2.6,3.5,74.6,0.4,2.1,2.4,3.0,1.0,0.3,2.0,1
Mike Brown,62,13.2,4.2,1.7,3.2,52.7,0.0,0.0,0.0,0.7,1.2,63.9,1.1,2.3,3.5,0.4,0.3,0.1,0.9,1
Tracy McGrady,64,18.4,7.0,2.8,6.2,45.0,0.2,0.6,34.1,1.2,1.7,71.2,1.6,2.6,4.2,1.5,0.8,0.9,1.0,1
Marcus Thornton,73,25.6,14.5,5.5,12.1,45.1,1.6,4.3,37.4,2.0,2.4,81.4,1.0,1.9,2.9,1.6,0.8,0.1,1.0,1
Ronald Dupree,47,19.0,6.2,2.4,6.0,39.4,0.1,0.2,44.4,1.4,2.2,62.9,1.2,2.4,3.6,1.2,0.7,0.4,1.1,1
Larry Johnson,82,37.2,19.2,7.5,15.3,49.0,0.1,0.3,22.7,4.1,5.0,82.9,3.9,7.0,11.0,3.6,1.0,0.6,1.9,1
Pete Chilcutt,69,11.8,3.6,1.6,3.6,45.2,0.0,0.0,100.0,0.3,0.4,82.1,1.1,1.6,2.7,0.6,0.5,0.3,0.6,1
Adrian Caldwell,51,6.5,1.9,0.8,1.5,55.3,0.0,0.0,0.0,0.3,0.5,46.4,0.7,1.4,2.1,0.1,0.2,0.3,0.6,1
Kevin McHale*,82,20.1,10.0,4.3,8.1,53.3,0.0,0.0,0.0,1.3,1.9,67.9,1.9,2.5,4.4,0.7,0.3,1.8,1.3,1
Gary Neal,80,21.1,9.8,3.6,7.9,45.1,1.6,3.9,41.9,1.1,1.3,80.8,0.3,2.2,2.5,1.2,0.3,0.1,1.0,1
Daniel Ewing,66,14.7,3.8,1.5,3.9,38.0,0.3,1.2,28.2,0.5,0.7,78.3,0.3,0.9,1.3,1.3,0.6,0.1,0.9,0
Andy Toolson,47,10.0,2.9,1.1,2.6,40.3,0.3,0.7,37.5,0.5,0.7,75.8,0.7,0.7,1.4,0.7,0.3,0.0,0.5,0
Kyle Weaver,56,20.8,5.3,2.0,4.4,45.9,0.6,1.7,34.4,0.7,1.0,70.7,0.6,1.8,2.3,1.8,0.8,0.5,1.2,0
DeShawn Stevenson,40,7.3,2.2,0.8,2.3,34.1,0.0,0.3,8.3,0.7,1.0,68.4,0.2,0.5,0.7,0.5,0.3,0.1,0.7,1
Russell Westbrook,82,32.5,15.3,5.3,13.4,39.8,0.4,1.6,27.1,4.3,5.2,81.5,2.2,2.7,4.9,5.3,1.3,0.2,3.3,1
Latrell Sprewell,77,35.6,15.4,5.8,12.6,46.4,0.9,2.6,36.9,2.7,3.7,74.6,1.0,2.5,3.5,3.8,1.6,0.7,2.6,1
Dickey Simpkins,59,9.9,3.5,1.3,3.1,42.4,0.0,0.0,0.0,0.8,1.2,69.4,1.0,1.5,2.6,0.6,0.2,0.1,0.8,1
Kenny Battle,59,12.4,4.1,1.6,2.9,54.7,0.0,0.1,25.0,0.9,1.4,67.1,0.7,1.4,2.1,0.6,0.6,0.2,0.5,0
Lamar Patterson,35,11.3,2.4,0.8,2.3,35.0,0.3,1.4,24.5,0.5,0.6,72.7,0.1,1.3,1.4,1.1,0.3,0.1,0.7,0
Brandon Davies,51,11.3,2.8,1.1,2.5,42.2,0.0,0.2,20.0,0.7,1.0,64.2,0.7,1.4,2.1,0.5,0.5,0.2,0.7,0
Maurice Taylor,71,21.3,11.5,4.5,9.5,47.6,0.0,0.0,0.0,2.4,3.4,70.9,1.7,2.5,4.2,0.7,0.5,0.6,1.5,1
John Morton,37,10.9,3.9,1.3,4.4,29.8,0.2,0.8,23.3,1.2,1.7,69.4,0.2,0.7,0.9,1.8,0.5,0.1,1.4,0
Chris Quinn,42,9.7,3.4,1.1,3.1,36.6,0.5,1.4,35.1,0.6,0.9,67.6,0.1,0.6,0.7,1.5,0.4,0.0,0.5,1
Rashad McCants,79,17.2,7.9,3.1,6.8,45.0,0.8,2.3,37.2,1.0,1.3,73.6,0.4,1.4,1.8,0.8,0.6,0.3,1.1,0
Michael Brooks,82,30.2,14.7,6.0,12.4,47.9,0.0,0.1,0.0,2.8,3.9,70.6,2.6,2.8,5.4,2.5,1.2,0.4,2.0,1
Charlie Davis,54,10.6,3.8,1.6,3.4,47.8,0.0,0.0,0.0,0.6,0.7,81.1,1.0,1.5,2.5,0.6,0.2,0.2,0.8,0
Damon Jones,24,14.3,5.2,1.8,5.0,36.1,1.0,2.6,40.3,0.6,0.7,82.4,0.3,1.6,1.8,1.8,0.5,0.0,0.7,1
Jermaine O'Neal,45,10.2,4.1,1.5,3.4,45.1,0.0,0.0,0.0,1.0,1.7,60.3,0.9,1.9,2.8,0.2,0.0,0.6,0.6,1
Jimmy King,62,14.0,4.5,1.8,4.1,43.1,0.1,0.5,14.7,0.9,1.2,70.1,0.7,1.1,1.8,1.4,0.3,0.2,1.0,0
Jim Petersen,60,11.9,3.2,1.2,2.4,48.6,0.0,0.0,0.0,0.8,1.1,75.8,0.7,1.7,2.5,0.5,0.2,0.5,1.2,1
Sean Elliott,81,25.1,10.0,3.8,8.0,48.1,0.0,0.1,11.1,2.3,2.7,86.6,1.6,2.1,3.7,1.9,0.6,0.2,1.4,1
Andre Miller,82,25.5,11.1,4.1,9.2,44.9,0.1,0.6,20.4,2.8,3.6,77.4,1.0,2.4,3.4,5.8,1.0,0.2,2.0,1
Hollis Thompson,77,22.6,6.0,2.2,4.8,46.0,0.9,2.2,40.1,0.7,0.9,71.2,0.9,2.3,3.2,0.9,0.7,0.2,0.8,0
Eric Piatkowski,81,14.9,7.0,2.5,5.6,44.1,0.9,2.4,37.4,1.1,1.4,78.3,0.8,0.9,1.6,1.0,0.5,0.2,0.8,1
Pete Verhoeven,71,17.0,4.9,2.1,4.2,50.3,0.0,0.0,0.0,0.7,1.0,70.8,1.5,2.1,3.6,0.7,0.6,0.3,0.8,1
Ricky Pierce,39,6.8,2.2,0.8,2.3,37.5,0.0,0.2,14.3,0.5,0.8,56.3,0.4,0.5,0.9,0.4,0.2,0.1,0.5,1
Johnny Moore,82,19.2,7.4,3.0,6.3,47.9,0.0,0.2,5.3,1.3,2.1,61.0,0.7,1.7,2.4,4.5,1.5,0.3,1.9,1
Kris Humphries,67,13.0,4.1,1.7,4.3,40.4,0.0,0.1,33.3,0.7,1.5,43.6,1.1,1.9,2.9,0.6,0.4,0.3,0.8,1
Travis Wear,51,13.2,3.9,1.6,4.1,40.2,0.2,0.6,36.7,0.4,0.5,76.9,0.6,1.5,2.1,0.8,0.3,0.2,0.7,0
Lamond Murray,81,31.6,14.1,5.4,13.5,40.2,0.8,2.7,29.8,2.5,3.3,75.4,1.6,2.7,4.4,1.6,0.9,0.7,2.0,1
Stacey Augmon,82,30.5,13.3,5.4,11.0,48.9,0.0,0.1,16.7,2.6,3.9,66.6,2.3,2.8,5.1,2.5,1.5,0.3,2.2,1
Chris Hunter,60,13.1,4.5,1.8,3.6,50.2,0.0,0.1,0.0,0.9,1.2,75.4,0.9,1.9,2.8,0.6,0.2,0.6,0.5,0
Toure' Murry,51,7.3,2.7,1.1,2.5,43.4,0.1,0.2,41.7,0.5,0.8,59.0,0.3,0.6,0.9,1.0,0.4,0.0,0.7,0
Darren Daye,75,15.7,6.1,2.4,5.4,44.1,0.0,0.1,0.0,1.3,1.8,71.4,1.2,1.3,2.5,2.3,0.5,0.2,1.3,1
Justise Winslow,78,28.6,6.4,2.5,5.9,42.2,0.4,1.5,27.6,1.0,1.5,68.4,1.0,4.1,5.2,1.5,0.9,0.3,1.2,0
Jabari Parker,25,29.5,12.3,5.2,10.5,49.0,0.2,0.6,25.0,1.8,2.6,69.7,2.0,3.5,5.5,1.7,1.2,0.2,1.9,0
Matt Freije,23,19.2,4.0,1.6,5.5,29.1,0.6,2.3,25.9,0.2,0.3,62.5,0.7,2.0,2.7,0.9,0.6,0.1,0.7,0
Eddie House,50,11.0,5.0,2.1,4.9,42.1,0.4,1.1,34.5,0.5,0.7,68.6,0.1,0.7,0.8,1.0,0.3,0.0,0.7,1
Bradley Beal,56,31.2,13.9,5.0,12.3,41.0,1.6,4.2,38.6,2.2,2.8,78.6,0.8,3.0,3.8,2.4,0.9,0.5,1.6,1
Marcus Liberty,76,15.4,6.7,2.8,6.8,42.1,0.2,0.8,29.8,0.8,1.2,63.0,1.5,1.4,2.9,0.8,0.6,0.3,0.9,0
Antoine Wright,39,9.5,1.8,0.7,2.1,35.8,0.0,0.4,6.7,0.3,0.6,50.0,0.2,0.6,0.8,0.3,0.1,0.1,0.5,1
Chris Paul,78,36.0,16.1,5.2,12.1,43.0,0.6,2.3,28.2,5.1,6.0,84.7,0.8,4.3,5.1,7.8,2.2,0.1,2.4,1
Samaki Walker,43,14.0,5.0,1.9,4.3,44.4,0.0,0.0,0.0,1.1,1.7,64.9,1.1,2.3,3.4,0.4,0.3,0.5,0.9,1
Sean Green,35,7.3,4.0,1.8,4.5,39.2,0.1,0.3,20.0,0.4,0.8,53.6,0.6,0.6,1.2,0.6,0.4,0.2,0.8,0
Anthony Johnson,77,29.4,7.5,2.9,7.9,37.1,0.5,1.7,32.8,1.0,1.4,72.7,0.7,1.6,2.2,4.3,0.8,0.1,1.6,1
Smush Parker,66,16.7,6.2,2.1,5.1,40.2,0.6,1.8,32.2,1.5,1.8,83.1,0.4,1.4,1.8,2.5,0.7,0.2,2.0,1
Jaylen Brown,34,13.4,4.9,1.9,4.4,44.6,0.4,1.1,31.6,0.7,1.1,63.2,0.6,1.2,1.8,0.6,0.3,0.3,0.6,0
Eric Bledsoe,81,22.7,6.7,2.5,6.0,42.4,0.4,1.4,27.6,1.2,1.6,74.4,0.8,1.9,2.8,3.6,1.1,0.3,2.4,1
Sylvester Gray,55,22.2,8.0,3.0,7.2,42.0,0.0,0.1,25.0,1.9,2.8,67.3,2.1,3.1,5.2,2.1,0.7,0.5,1.9,0
Marc Iavaroni,80,20.2,5.1,2.0,4.4,46.2,0.0,0.0,0.0,1.0,1.4,69.0,1.5,2.7,4.1,1.0,0.4,0.6,1.7,1
Terrence Williams,78,22.6,8.4,3.3,8.3,40.1,0.4,1.3,31.0,1.3,1.8,71.5,0.6,3.9,4.5,2.9,0.6,0.1,1.6,0
Mark Randall,54,8.2,3.2,1.3,2.8,45.6,0.1,0.3,18.8,0.6,0.8,74.4,0.7,0.6,1.3,0.6,0.2,0.1,0.5,0
T.J. Ford,55,26.8,7.1,2.8,7.2,38.4,0.1,0.4,23.8,1.5,1.8,81.6,0.7,2.5,3.2,6.5,1.1,0.1,2.5,1
Mike Miller,82,29.1,11.9,4.5,10.3,43.6,1.8,4.4,40.7,1.1,1.6,71.1,0.8,3.2,4.0,1.7,0.6,0.2,1.2,1
Mike Morrison,36,4.3,2.0,0.6,1.9,33.8,0.1,0.2,28.6,0.7,0.8,80.0,0.2,0.4,0.6,0.3,0.1,0.0,0.6,0
Toney Douglas,56,19.4,8.6,3.2,7.0,45.8,1.2,3.1,38.9,1.0,1.2,80.9,0.7,1.2,1.9,2.0,0.8,0.1,1.0,1
Tony Smith,64,10.9,3.7,1.5,3.4,44.1,0.0,0.1,0.0,0.6,0.9,70.2,0.4,0.7,1.1,2.1,0.4,0.2,1.1,1
Charlie Villanueva,81,29.1,13.0,5.4,11.6,46.3,0.9,2.6,32.7,1.4,2.0,70.6,2.2,4.2,6.4,1.1,0.7,0.8,1.2,1
Stephen Curry,80,36.2,17.5,6.6,14.3,46.2,2.1,4.8,43.7,2.2,2.5,88.5,0.6,3.9,4.5,5.9,1.9,0.2,3.0,1
Jim Brogan,63,16.3,6.3,2.6,5.8,45.3,0.1,0.5,28.1,1.0,1.3,72.6,1.0,0.9,1.9,2.5,0.8,0.2,1.3,0
Jim Johnstone,23,8.3,1.3,0.5,1.3,36.7,0.0,0.0,0.0,0.4,0.9,45.0,0.7,1.3,2.0,0.5,0.1,0.3,0.7,0
Mitch McGary,32,15.2,6.3,2.8,5.2,53.3,0.0,0.1,0.0,0.8,1.3,62.5,1.7,3.5,5.2,0.4,0.5,0.5,1.0,0
Jason Richardson,80,32.9,14.4,5.8,13.6,42.6,1.0,3.1,33.3,1.8,2.6,67.1,1.6,2.7,4.3,3.0,1.3,0.4,2.0,1
Aaron Brooks,51,11.9,5.2,1.8,4.4,41.3,0.7,2.1,33.0,0.8,1.0,85.7,0.3,0.8,1.1,1.7,0.3,0.1,0.9,1
Fred Roberts,79,19.4,7.3,2.7,5.1,53.6,0.0,0.1,25.0,1.8,2.2,83.7,1.3,2.6,3.8,1.2,0.7,0.5,1.3,1
Matt Geiger,48,11.5,4.5,1.6,3.0,52.4,0.0,0.1,0.0,1.3,1.9,67.4,1.0,1.5,2.5,0.3,0.3,0.4,0.8,1
Danny Ainge,53,10.6,4.1,1.5,4.2,35.7,0.1,0.3,29.4,1.1,1.2,86.2,0.5,0.6,1.1,1.6,0.7,0.1,1.0,1
Michael Doleac,49,15.9,6.2,2.6,5.4,46.8,0.0,0.0,0.0,1.1,1.6,67.5,1.3,1.7,3.0,0.4,0.4,0.3,0.5,1
Jermareo Davidson,38,8.5,3.2,1.3,3.3,40.8,0.0,0.0,0.0,0.5,0.7,64.3,0.6,1.1,1.6,0.3,0.2,0.4,0.5,0
Willie Burton,76,25.4,12.0,4.5,10.2,44.1,0.1,0.4,13.3,3.0,3.9,78.2,1.5,2.0,3.4,1.4,0.9,0.3,1.9,1
Juwan Howard,65,36.1,17.0,7.0,14.3,48.9,0.0,0.1,0.0,3.0,4.5,66.4,2.8,5.6,8.4,2.5,0.8,0.2,2.5,1
Cleanthony Early,39,16.6,5.4,1.9,5.5,35.5,0.6,2.2,26.2,0.9,1.2,75.0,0.6,1.9,2.5,0.9,0.6,0.3,1.0,0
Brian Oliver,73,11.0,3.8,1.5,3.7,40.8,0.1,0.2,27.8,0.7,1.0,73.2,0.2,0.8,1.1,1.2,0.5,0.1,0.7,0
Tayshaun Prince,42,10.4,3.3,1.3,2.8,44.9,0.5,1.1,42.6,0.3,0.4,64.7,0.1,1.0,1.1,0.6,0.2,0.3,0.5,1
Corey Brewer,79,22.8,5.8,2.3,6.2,37.4,0.1,0.5,19.4,1.1,1.4,80.0,1.0,2.7,3.7,1.4,1.0,0.3,1.1,1
JaVale McGee,75,15.2,6.5,2.5,5.2,49.4,0.0,0.0,0.0,1.4,2.2,66.0,1.6,2.3,3.9,0.3,0.4,1.0,0.8,1
Derrick Brown,57,9.4,3.3,1.2,2.6,46.3,0.0,0.1,28.6,0.8,1.3,66.7,0.5,0.8,1.4,0.3,0.4,0.2,0.3,0
Dorian Finney-Smith,33,22.8,5.2,1.9,4.6,40.5,0.9,2.8,32.3,0.6,0.8,76.0,0.7,2.2,2.8,1.0,0.6,0.3,0.7,0
Micheal Williams,49,7.3,2.6,1.0,2.6,36.4,0.0,0.2,22.2,0.6,1.0,66.0,0.2,0.4,0.6,1.4,0.3,0.1,0.9,1
Winston Garland,67,31.7,12.4,5.1,11.6,43.9,0.2,0.6,33.3,2.1,2.3,87.9,1.0,2.4,3.4,6.4,1.7,0.1,2.5,1
Todd Mundt,33,4.6,1.1,0.5,1.2,39.0,0.0,0.0,0.0,0.2,0.2,62.5,0.3,0.5,0.8,0.1,0.1,0.1,0.1,0
Brad Daugherty,80,33.7,15.7,6.1,11.3,53.8,0.0,0.0,0.0,3.5,5.0,69.6,1.9,6.2,8.1,3.8,0.6,0.8,3.1,1
Morris Peterson,80,22.6,9.3,3.6,8.4,43.1,0.8,2.1,38.2,1.3,1.8,71.7,1.4,1.8,3.2,1.3,0.8,0.3,1.0,1
Kosta Koufos,48,11.8,4.7,2.0,3.9,50.8,0.0,0.0,0.0,0.8,1.1,70.6,1.0,1.8,2.9,0.4,0.3,0.7,0.5,1
Terrell Brandon,82,19.6,7.4,3.1,7.3,41.9,0.0,0.3,4.3,1.2,1.5,80.6,0.6,1.4,2.0,3.9,1.0,0.3,1.7,1
Rex Walters,48,8.0,3.4,1.3,2.4,52.2,0.3,0.6,50.0,0.6,0.7,82.4,0.1,0.7,0.8,1.5,0.3,0.1,0.6,1
Jerald Honeycutt,38,13.9,6.4,2.4,5.8,40.7,0.8,2.0,37.7,0.9,1.5,62.1,0.7,1.7,2.4,0.9,0.5,0.2,1.3,0
Byron Houston,79,16.1,5.3,1.8,4.1,44.6,0.0,0.1,28.6,1.6,2.5,66.5,1.5,2.5,4.0,0.9,0.6,0.5,1.1,0
Javaris Crittenton,50,13.6,5.6,2.0,4.7,42.1,0.2,0.7,27.0,1.4,2.1,69.2,0.5,1.7,2.2,1.0,0.4,0.0,1.1,0
Charles Bradley,51,6.6,3.0,1.1,2.4,45.1,0.0,0.0,0.0,0.8,1.2,67.7,0.2,0.5,0.7,0.4,0.3,0.1,0.7,0
Vince Carter,50,35.2,18.3,6.9,15.3,45.0,0.4,1.3,28.8,4.1,5.4,76.1,1.9,3.8,5.7,3.0,1.1,1.5,2.2,1
Michael Anderson,36,20.3,5.7,2.0,4.9,41.7,0.0,0.2,14.3,1.6,2.3,69.5,1.2,1.3,2.5,4.3,1.2,0.1,2.3,0
Larry Nance,80,14.8,6.6,2.8,5.5,52.1,0.0,0.0,0.0,0.9,1.5,64.1,1.2,2.0,3.2,1.0,0.5,0.9,1.3,1
Tony Wroten,35,7.8,2.6,0.9,2.5,38.4,0.1,0.5,25.0,0.6,0.8,72.4,0.4,0.4,0.8,1.2,0.2,0.1,0.8,0
Tyrone Hill,74,16.1,5.3,2.0,4.0,49.2,0.0,0.0,0.0,1.3,2.1,63.2,2.1,3.1,5.2,0.3,0.5,0.4,1.0,1
Tony White,49,11.9,5.3,2.3,5.1,44.6,0.0,0.1,0.0,0.8,1.1,72.2,0.2,0.4,0.6,1.2,0.4,0.0,1.0,0
Kevin Loder,71,16.0,6.9,2.9,6.3,46.4,0.0,0.2,0.0,1.1,1.5,72.0,1.0,1.8,2.7,1.2,0.5,0.4,1.0,0
Ken Bannister,75,18.7,6.8,2.8,5.9,47.0,0.0,0.0,0.0,1.2,2.6,47.4,1.4,3.0,4.4,0.5,0.5,0.5,1.9,1
Reggie Williams,35,24.5,10.4,4.3,12.2,35.6,0.4,1.7,22.4,1.4,1.9,72.7,1.6,1.8,3.4,1.7,0.8,0.6,1.8,1
Monty Williams,41,12.3,3.3,1.5,3.2,45.1,0.0,0.2,0.0,0.4,0.9,44.7,1.0,1.4,2.4,1.2,0.5,0.1,1.0,1
John Jenkins,61,14.8,6.1,2.1,4.8,44.6,0.9,2.3,38.4,1.0,1.1,84.3,0.3,1.3,1.5,0.9,0.2,0.2,0.7,1
Larry Stewart,76,29.3,10.4,4.0,7.8,51.4,0.0,0.0,0.0,2.5,3.1,80.7,2.4,3.5,5.9,1.6,0.7,0.6,1.5,1
Anthony Peeler,77,21.5,10.4,3.9,8.2,46.8,0.6,1.5,39.0,2.1,2.7,78.6,0.8,1.5,2.3,2.2,0.8,0.2,1.6,1
Darwin Cook,81,24.4,11.2,4.7,10.1,46.8,0.1,0.3,24.0,1.6,2.2,73.3,1.2,1.7,2.9,3.7,1.7,0.4,2.2,1
DeJuan Blair,82,18.2,7.8,3.4,6.0,55.6,0.0,0.0,0.0,1.1,2.0,54.7,2.4,4.0,6.4,0.8,0.6,0.5,1.4,1
D.J. Augustin,72,26.5,11.8,3.7,8.6,43.0,1.5,3.4,43.9,2.9,3.2,89.3,0.2,1.6,1.8,3.5,0.6,0.0,1.6,1
Mike O'Koren,79,31.3,11.0,4.6,9.5,48.6,0.1,0.2,27.8,1.7,2.7,63.7,2.3,3.8,6.1,3.2,1.1,0.3,1.9,1
Edgar Jones,60,15.8,8.7,3.2,6.0,52.9,0.0,0.1,0.0,2.4,3.6,67.0,1.5,2.9,4.4,0.7,0.6,1.4,1.7,1
Jeff Ruland,82,27.0,14.4,5.1,9.1,56.1,0.0,0.0,33.3,4.2,5.5,75.2,3.1,6.2,9.3,1.6,0.5,0.7,2.9,1
Rick Calloway,64,10.6,3.2,1.2,3.0,39.1,0.0,0.0,0.0,0.9,1.2,69.6,0.4,0.8,1.2,1.0,0.3,0.1,0.8,0
Alfredrick Hughes,68,12.7,5.2,2.2,5.5,40.9,0.0,0.3,17.6,0.7,1.2,58.3,0.7,0.9,1.7,0.9,0.4,0.1,0.9,0
Ricky Berry,64,22.0,11.0,4.0,8.9,45.0,1.0,2.5,40.6,2.0,2.6,78.9,0.9,2.2,3.1,1.3,0.6,0.3,1.3,0
Terry Porter,79,15.4,7.1,2.7,5.7,47.4,0.2,0.5,31.0,1.6,2.0,80.6,0.4,1.0,1.5,2.5,1.0,0.0,1.3,1
Kennard Winchester,64,9.5,3.7,1.5,3.8,40.0,0.1,0.3,40.0,0.5,0.7,77.8,0.5,0.5,1.0,0.4,0.3,0.2,0.5,0
Steve Colter,78,18.7,7.1,2.8,6.1,45.3,0.3,0.9,35.1,1.3,1.7,75.4,0.5,1.4,1.9,3.1,1.0,0.1,1.4,1
Vern Fleming,80,31.1,14.1,5.4,11.5,47.0,0.0,0.1,0.0,3.3,4.2,76.7,1.9,2.2,4.0,3.1,1.2,0.1,2.5,1
Brad Lohaus,70,10.3,4.2,1.7,3.5,49.6,0.0,0.2,23.1,0.7,0.9,80.6,0.7,1.3,2.0,0.7,0.3,0.6,0.8,1
Blair Rasmussen,48,6.9,3.2,1.3,3.1,40.7,0.0,0.0,0.0,0.6,0.8,79.5,0.8,1.3,2.0,0.3,0.1,0.2,0.8,1
JaKarr Sampson,74,15.3,5.2,2.0,4.7,42.2,0.4,1.7,24.4,0.9,1.3,67.0,0.5,1.7,2.2,1.0,0.5,0.3,1.0,0
Jeff Martin,69,19.6,6.3,2.5,6.0,41.1,0.0,0.2,13.3,1.3,1.9,70.5,1.1,1.2,2.3,0.6,0.6,0.2,0.7,0
Bryant Stith,39,22.2,8.9,3.2,7.1,44.6,0.0,0.1,0.0,2.5,3.1,83.2,1.0,2.2,3.2,1.3,0.6,0.1,1.1,1
Chris Gatling,54,11.3,5.7,2.2,3.8,56.8,0.0,0.1,0.0,1.3,2.0,66.1,1.4,2.0,3.4,0.3,0.6,0.7,0.8,1
Kelly Tripucka,82,37.5,21.6,7.8,15.6,49.6,0.1,0.3,22.7,6.0,7.6,79.7,2.7,2.7,5.4,3.3,1.1,0.2,3.4,1
Bob Thornton,71,18.6,4.7,1.8,3.9,45.6,0.0,0.0,0.0,1.2,2.3,53.1,1.6,2.5,4.1,0.6,0.4,0.1,1.2,1
Nick Van Exel,81,33.3,13.6,5.1,13.0,39.4,1.5,4.5,33.8,1.9,2.4,78.1,0.6,2.4,2.9,5.8,1.1,0.1,1.8,1
Tyler Johnson,32,18.8,5.9,2.2,5.2,41.9,0.6,1.5,37.5,1.0,1.5,68.1,0.4,2.1,2.5,1.3,1.0,0.3,0.9,0
Anthony Tolliver,19,10.9,2.7,1.0,3.4,29.2,0.5,2.2,22.0,0.3,0.5,50.0,0.6,1.5,2.2,0.9,0.3,0.1,0.4,1
Nate Johnston,21,4.1,2.2,0.9,2.3,37.5,0.0,0.2,25.0,0.4,0.6,69.2,0.6,0.5,1.1,0.0,0.1,0.4,0.3,0
Jason Kapono,41,10.4,3.5,1.3,3.1,40.3,0.5,1.1,47.7,0.5,0.6,83.3,0.5,0.9,1.3,0.3,0.3,0.1,0.5,1
Tom Hammonds,61,13.2,5.3,2.1,4.8,43.7,0.0,0.0,0.0,1.0,1.6,64.3,1.0,1.8,2.8,0.8,0.2,0.2,0.8,1
James Robinson,58,11.6,4.8,1.8,4.9,36.5,0.4,1.3,31.5,0.8,1.2,67.2,0.6,0.8,1.3,1.2,0.5,0.3,0.9,1
Chris Morris,76,27.6,14.1,5.4,11.9,45.7,0.8,2.3,36.6,2.4,3.3,71.7,2.5,2.8,5.2,1.6,1.3,0.8,2.5,1
Nazr Mohammed,26,4.7,1.6,0.6,1.6,35.7,0.0,0.0,0.0,0.5,0.8,57.1,0.7,0.7,1.4,0.1,0.2,0.1,0.5,1
James Worthy*,77,25.6,13.4,5.8,10.0,57.9,0.0,0.1,25.0,1.8,2.9,62.4,2.0,3.1,5.2,1.7,1.2,0.8,2.3,1
Chris Mihm,59,19.8,7.6,2.9,6.6,44.2,0.0,0.0,0.0,1.7,2.1,79.4,1.8,2.9,4.7,0.3,0.3,0.9,1.4,1
Reggie Johnson,79,21.7,10.2,4.3,8.6,49.9,0.0,0.0,0.0,1.6,2.4,66.3,1.7,2.9,4.5,1.0,0.6,0.6,1.6,0
LaMarcus Aldridge,63,22.1,9.0,3.8,7.6,50.3,0.0,0.0,0.0,1.3,1.8,72.2,2.3,2.7,5.0,0.4,0.3,1.2,0.7,1
Joakim Noah,74,20.7,6.6,2.4,5.0,48.2,0.0,0.0,0.0,1.8,2.6,69.1,2.4,3.3,5.6,1.1,0.9,0.9,1.2,1
Robbie Hummel,53,12.4,3.4,1.3,3.3,37.9,0.6,1.7,36.0,0.3,0.3,93.8,0.7,1.8,2.5,0.4,0.3,0.0,0.2,0
Stromile Swift,80,16.4,4.9,1.9,4.2,45.1,0.0,0.1,0.0,1.1,1.8,60.3,1.4,2.2,3.6,0.4,0.8,1.0,0.8,1
Craig Hodges,76,26.6,9.9,4.2,9.3,45.2,0.3,1.2,22.2,1.2,1.7,72.3,0.7,0.9,1.6,3.6,1.1,0.1,2.1,1
Larry Drew,76,20.8,6.6,2.6,6.4,40.7,0.1,0.2,23.5,1.4,1.8,79.7,0.3,1.3,1.6,3.3,1.2,0.1,2.2,0
Clyde Drexler*,82,17.2,7.7,3.1,6.8,45.1,0.0,0.0,25.0,1.5,2.1,72.8,1.4,1.5,2.9,1.9,1.3,0.3,1.5,1
Garry Witts,46,10.7,2.9,1.1,1.8,58.3,0.0,0.0,50.0,0.7,0.9,82.5,0.6,0.7,1.3,0.8,0.4,0.1,0.8,0
Corey Maggette,77,17.8,8.4,2.9,6.1,47.8,0.0,0.1,18.2,2.5,3.4,75.1,1.6,2.3,3.9,0.8,0.3,0.3,1.8,1
Jordan Clarkson,59,25.0,11.9,4.5,10.1,44.8,0.6,2.1,31.4,2.2,2.7,82.9,0.9,2.3,3.2,3.5,0.9,0.2,1.6,0
Lionel Chalmers,36,12.0,3.1,1.2,3.5,33.6,0.3,1.4,24.5,0.4,0.7,62.5,0.1,0.8,0.9,1.4,0.4,0.0,0.7,0
Trey Burke,70,32.3,12.8,4.9,12.8,38.0,1.6,4.8,33.0,1.5,1.6,90.3,0.5,2.4,3.0,5.7,0.6,0.1,1.9,0
Bobby Jackson,68,30.0,11.6,4.6,11.6,39.2,0.3,1.2,25.9,2.2,2.7,81.4,1.1,3.3,4.4,4.7,1.5,0.2,2.7,1
Darren Morningstar,23,16.0,4.2,1.7,3.6,47.6,0.0,0.0,0.0,0.8,1.3,60.0,1.3,2.2,3.5,0.7,0.6,0.1,0.8,0
Klay Thompson,66,24.4,12.5,4.8,10.9,44.3,1.7,4.1,41.4,1.2,1.4,86.8,0.4,2.1,2.4,2.0,0.7,0.3,1.6,1
Steven Hunter,53,9.7,3.6,1.3,2.8,45.6,0.0,0.0,0.0,1.0,1.8,58.5,0.8,1.1,1.8,0.1,0.1,0.8,0.3,1
T.J. Warren,40,15.4,6.1,2.8,5.4,52.8,0.1,0.5,23.8,0.4,0.5,73.7,1.0,1.1,2.1,0.6,0.5,0.2,0.7,0
Rodney Rogers,79,17.8,8.1,3.0,6.9,43.9,0.4,1.2,38.0,1.6,2.4,67.2,1.1,1.7,2.9,1.3,0.8,0.6,1.7,1
Sheldon McClellan,11,13.7,4.8,1.5,3.7,41.5,0.3,1.4,20.0,1.5,1.6,88.9,0.2,0.7,0.9,0.8,0.5,0.1,0.2,0
Tim Hardaway,79,33.7,14.7,5.9,12.5,47.1,0.3,1.1,27.4,2.7,3.5,76.4,0.7,3.2,3.9,8.7,2.1,0.1,3.3,0
Fred Cofield,45,10.4,3.7,1.7,4.1,40.8,0.1,0.3,20.0,0.3,0.4,60.0,0.1,0.9,1.0,1.8,0.4,0.1,1.1,0
Kendall Marshall,48,14.6,3.0,1.2,3.1,37.1,0.5,1.5,31.5,0.2,0.3,57.1,0.1,0.8,0.9,3.0,0.5,0.1,1.2,0
Domantas Sabonis,34,21.1,6.4,2.6,6.0,43.9,1.0,2.4,39.8,0.1,0.2,57.1,0.5,3.1,3.6,1.3,0.6,0.5,1.1,0
Shawn Kemp,81,13.8,6.5,2.5,5.2,47.9,0.0,0.1,16.7,1.4,2.0,73.6,1.8,2.5,4.3,0.3,0.6,0.9,1.3,1
Tony Delk,61,14.2,5.4,2.0,4.2,46.5,0.9,1.8,46.4,0.7,0.8,82.4,0.5,1.1,1.6,1.6,0.6,0.1,1.1,1
Eric Gordon,78,34.3,16.1,5.3,11.6,45.6,1.7,4.3,38.9,3.8,4.5,85.4,0.6,2.0,2.6,2.8,1.0,0.5,2.1,1
Manny Harris,54,17.3,5.9,2.0,5.4,37.4,0.6,1.7,37.0,1.3,1.7,76.3,0.7,1.9,2.6,1.6,0.6,0.1,1.2,0
Chris Crawford,40,6.4,3.8,1.2,2.8,41.8,0.0,0.1,33.3,1.4,1.7,83.8,0.5,0.5,1.0,0.2,0.3,0.2,0.5,1
Kenny Payne,35,6.2,3.3,1.3,3.1,43.5,0.1,0.3,40.0,0.5,0.5,88.9,0.3,0.4,0.7,0.3,0.2,0.2,0.6,0
Sam Young,80,16.5,7.4,2.8,6.2,45.1,0.1,0.7,19.6,1.7,2.2,77.7,1.0,1.6,2.5,0.7,0.4,0.3,1.2,0
Robert Horry,79,29.5,10.1,4.1,8.6,47.4,0.2,0.6,25.5,1.8,2.5,71.5,1.4,3.5,5.0,2.4,1.0,1.1,2.0,1
Victor Oladipo,80,31.1,13.8,4.9,11.7,41.9,0.9,2.8,32.7,3.1,4.0,78.0,0.5,3.6,4.1,4.1,1.6,0.5,3.2,0
Rodney McGruder,30,25.7,5.8,2.1,5.3,40.0,0.8,2.6,32.5,0.7,1.0,72.4,1.5,2.0,3.5,1.5,0.7,0.3,0.7,0
Howard Wood,42,8.1,3.4,1.3,2.9,45.8,0.0,0.0,0.0,0.8,1.2,65.4,0.5,1.0,1.5,0.2,0.2,0.1,0.4,0
Rodrick Rhodes,58,18.4,5.8,1.9,5.3,36.7,0.0,0.1,25.0,1.9,3.1,61.7,0.5,0.7,1.2,1.9,1.1,0.2,1.7,0
Dennis Rodman*,77,15.0,6.5,2.8,5.1,54.5,0.0,0.0,0.0,1.0,1.6,58.7,2.1,2.2,4.3,0.7,0.5,0.6,1.2,1
Eddy Curry,72,16.0,6.7,2.6,5.2,50.1,0.0,0.0,0.0,1.5,2.2,65.6,1.5,2.2,3.8,0.3,0.2,0.7,1.0,1
Chris Duhon,82,26.5,5.9,2.1,6.0,35.2,1.1,3.2,35.5,0.6,0.8,73.1,0.3,2.3,2.6,4.9,1.0,0.0,1.4,1
Dominic McGuire,70,9.9,1.3,0.6,1.5,37.9,0.0,0.1,16.7,0.2,0.5,43.8,0.8,1.2,2.0,0.6,0.3,0.4,0.6,1
James Singleton,59,12.8,3.4,1.3,2.6,51.0,0.2,0.3,50.0,0.7,0.8,78.0,1.1,2.3,3.3,0.5,0.3,0.4,0.5,1
Lavoy Allen,41,15.2,4.1,1.9,4.1,47.3,0.0,0.0,0.0,0.3,0.3,78.6,1.1,3.0,4.2,0.8,0.3,0.4,0.5,1
Steve Johnson,78,22.3,12.8,5.1,8.3,61.3,0.0,0.0,0.0,2.7,4.2,64.2,1.9,3.9,5.9,1.2,0.5,1.1,2.5,1
Ray McCallum,45,19.9,6.2,2.5,6.7,37.7,0.5,1.3,37.3,0.7,1.0,74.4,0.4,1.4,1.8,2.7,0.5,0.2,0.9,0
Jahlil Okafor,53,30.0,17.5,7.5,14.7,50.8,0.0,0.1,16.7,2.5,3.7,68.6,2.3,4.7,7.0,1.2,0.4,1.1,2.3,0
Steve Burtt,47,8.9,4.2,1.5,4.0,38.3,0.0,0.0,0.0,1.1,1.6,68.8,0.2,0.4,0.6,0.4,0.5,0.1,0.7,0
Jeff Taylor,77,19.6,6.1,2.2,5.2,43.1,0.7,2.0,34.4,1.0,1.3,72.8,0.7,1.3,1.9,0.8,0.6,0.2,0.6,0
Kenny Williams,75,7.0,2.9,1.2,2.4,52.0,0.0,0.0,0.0,0.5,0.7,68.0,0.7,1.0,1.7,0.4,0.1,0.4,0.6,0
Michael Smith,82,21.2,6.9,2.7,5.0,54.2,0.0,0.0,0.0,1.5,3.2,48.5,2.1,3.8,5.9,0.8,0.7,0.6,1.3,0
Mason Plumlee,70,18.2,7.4,2.8,4.3,65.9,0.0,0.0,0.0,1.7,2.8,62.6,1.4,3.0,4.4,0.9,0.7,0.8,1.1,0
Ray Allen,82,30.9,13.4,4.8,11.1,43.0,1.4,3.6,39.3,2.5,3.0,82.3,1.2,2.8,4.0,2.6,0.9,0.1,1.8,1
Darrun Hilliard,38,10.1,4.0,1.4,3.4,39.7,0.5,1.3,38.0,0.8,1.1,72.5,0.1,1.1,1.2,0.7,0.2,0.0,0.5,0
Michael Ansley,72,17.0,8.7,3.2,6.5,49.7,0.0,0.0,0.0,2.3,3.2,72.2,2.6,2.4,5.0,0.6,0.3,0.2,0.7,0
Mike Dunleavy,82,15.9,5.7,2.0,5.1,40.3,0.6,1.8,34.7,1.0,1.2,78.0,0.8,1.8,2.6,1.3,0.7,0.2,1.1,1
Doron Lamb,47,12.3,3.3,1.3,3.5,36.8,0.3,0.8,37.8,0.4,0.7,58.8,0.2,0.8,1.0,0.7,0.3,0.0,0.6,0
Jim McIlvaine,55,9.7,1.7,0.6,1.3,47.9,0.0,0.0,0.0,0.5,0.7,68.3,0.7,1.2,1.9,0.2,0.2,1.1,0.3,1
Erick Dampier,72,14.6,5.1,1.8,4.7,39.0,0.0,0.0,100.0,1.5,2.3,63.7,1.3,2.8,4.1,0.6,0.3,1.0,1.2,1
Derrick Chievous,81,19.0,9.3,3.4,7.8,43.7,0.1,0.3,20.8,2.4,3.0,78.3,1.4,1.8,3.2,1.0,0.6,0.1,1.7,0
Adrian Griffin,72,26.8,6.7,2.4,5.7,42.4,0.2,0.8,28.1,1.7,2.2,75.3,1.8,3.4,5.2,2.5,1.6,0.2,1.3,1
Austin Daye,69,13.3,5.1,2.0,4.3,46.4,0.4,1.4,30.5,0.7,0.8,82.1,0.5,2.0,2.5,0.5,0.4,0.4,0.7,1
Billy Thompson,59,12.9,5.6,2.4,4.4,54.4,0.0,0.0,0.0,0.8,1.3,64.9,1.2,1.7,2.9,1.0,0.3,0.5,1.0,1
Earl Cureton,52,10.2,4.2,1.8,3.9,45.4,0.0,0.0,0.0,0.6,1.2,51.6,1.0,2.0,3.0,0.5,0.4,0.4,0.6,1
Charles Oakley,77,23.0,9.6,3.6,7.0,51.9,0.0,0.0,0.0,2.3,3.5,66.2,3.3,5.3,8.6,1.7,0.9,0.4,2.3,1
Michael Cage,75,21.5,7.1,2.9,5.3,54.3,0.0,0.0,0.0,1.3,1.8,73.7,1.7,3.5,5.2,0.7,0.6,0.4,1.1,1
Kirk Hinrich,76,35.6,12.0,4.2,10.8,38.6,1.9,4.9,39.0,1.8,2.2,80.4,0.6,2.9,3.4,6.8,1.3,0.3,2.7,1
Anthony Jones,65,13.2,5.0,2.0,5.0,41.3,0.1,0.3,35.0,0.8,1.0,76.9,0.6,1.0,1.6,1.1,0.7,0.3,0.8,0
Michael Beasley,81,24.8,13.9,5.6,11.8,47.2,0.4,1.0,40.7,2.3,3.0,77.2,1.4,4.1,5.4,1.0,0.5,0.5,1.5,1
Kevin Durant,80,34.6,20.3,7.3,17.1,43.0,0.7,2.6,28.8,4.9,5.6,87.3,0.9,3.5,4.3,2.4,1.0,0.9,2.9,1
Howard Wright,15,10.9,3.6,1.3,3.1,40.4,0.0,0.1,0.0,1.1,1.6,66.7,0.8,2.2,3.0,0.2,0.3,0.3,0.7,0
Jared Dudley,73,19.0,5.8,2.2,4.8,46.8,0.1,0.6,22.0,1.2,1.6,73.7,1.7,2.3,3.9,1.1,0.8,0.1,0.7,1
Rick Mahorn,52,13.4,4.8,2.1,4.2,50.7,0.0,0.0,0.0,0.5,0.8,67.5,1.3,2.8,4.1,0.5,0.4,0.8,0.7,1
Jordan Hill,47,13.3,5.2,2.1,4.3,49.3,0.0,0.0,0.0,1.0,1.4,67.6,1.6,2.1,3.7,0.4,0.3,0.5,0.6,1
Phil Pressey,75,15.1,2.8,1.0,3.4,30.8,0.4,1.4,26.4,0.4,0.6,64.4,0.3,1.1,1.4,3.2,0.9,0.1,1.2,0
Scott Haffner,43,13.0,4.6,2.0,5.0,40.6,0.1,0.5,14.3,0.4,0.6,68.0,0.2,1.0,1.2,1.9,0.3,0.1,0.8,0
Leroy Combs,48,9.3,4.5,1.7,3.4,49.7,0.0,0.1,0.0,1.2,1.9,61.5,0.4,0.8,1.2,0.8,0.5,0.4,1.0,0
Reggie Miller*,82,22.4,10.0,3.7,7.6,48.8,0.7,2.1,35.5,1.8,2.3,80.1,1.2,1.2,2.3,1.6,0.7,0.2,1.2,1
Alvin Williams,54,19.8,6.0,2.3,5.2,44.3,0.2,0.5,32.1,1.2,1.7,72.2,0.4,1.1,1.5,1.9,0.7,0.1,1.1,1
Randy White,55,12.9,4.3,1.7,4.6,36.9,0.0,0.3,7.1,0.9,1.6,56.2,1.4,1.7,3.1,0.4,0.4,0.1,0.8,1
Cedric Ceballos,63,11.6,8.2,3.2,6.7,48.7,0.0,0.1,16.7,1.7,2.6,66.3,1.2,1.2,2.4,0.6,0.3,0.1,1.1,1
Don Collins,81,22.8,11.5,4.4,10.0,44.4,0.0,0.1,0.0,2.6,3.4,77.6,1.6,1.7,3.3,2.3,1.3,0.3,2.1,1
Michael Smith,65,9.5,5.0,2.1,4.4,47.6,0.0,0.4,7.1,0.8,1.0,82.8,0.6,0.9,1.5,1.2,0.1,0.0,0.8,0
B.J. Armstrong,81,15.9,5.6,2.3,4.8,48.5,0.0,0.1,50.0,0.9,1.0,88.5,0.2,1.0,1.3,2.5,0.6,0.1,1.0,1
Butch Carter,54,12.4,5.6,2.1,4.6,46.2,0.1,0.2,30.0,1.3,1.8,73.7,0.6,0.6,1.2,1.0,0.4,0.0,0.9,1
Todd Fuller,75,12.7,4.1,1.5,3.5,42.9,0.0,0.0,0.0,1.0,1.5,69.1,1.4,1.9,3.3,0.3,0.1,0.3,0.7,1
Kurt Thomas,74,22.4,9.0,3.7,7.4,50.1,0.0,0.0,0.0,1.6,2.4,66.3,1.6,4.3,5.9,0.6,0.6,0.5,1.3,1
Rob Kurz,40,11.1,3.9,1.3,3.3,38.9,0.4,1.0,39.5,1.0,1.3,80.0,0.8,1.2,2.0,0.5,0.3,0.5,0.4,0
Terry Davis,63,14.0,4.7,1.9,4.2,46.6,0.0,0.0,0.0,0.9,1.4,62.1,1.5,2.2,3.6,0.4,0.4,0.4,1.1,1
Rasual Butler,72,21.0,7.5,2.9,7.9,36.2,0.7,2.4,29.2,1.1,1.4,73.1,0.4,2.2,2.6,1.3,0.3,0.6,1.1,1
Ben Coleman,68,15.1,6.6,2.7,4.6,58.1,0.0,0.0,0.0,1.3,1.8,72.7,1.5,2.8,4.2,0.5,0.5,0.5,1.4,1
Shelvin Mack,64,12.2,3.6,1.4,3.4,40.0,0.2,0.7,28.6,0.7,0.9,71.2,0.2,1.3,1.4,2.0,0.4,0.0,0.8,1
Clinton Smith,41,8.3,3.1,1.2,2.9,42.7,0.0,0.0,0.0,0.7,0.9,75.0,0.6,0.7,1.4,1.1,0.3,0.0,0.6,0
Elmore Spencer,44,6.4,2.4,1.0,1.9,53.7,0.0,0.0,0.0,0.4,0.7,50.0,0.4,1.0,1.4,0.2,0.2,0.4,0.6,1
Terry Dehere,64,11.9,5.3,2.0,5.3,37.7,0.4,0.9,40.4,1.0,1.3,75.3,0.4,0.7,1.1,1.2,0.4,0.1,0.9,1
Jordan Hamilton,26,9.9,4.4,1.8,4.3,43.2,0.7,1.8,36.2,0.1,0.2,40.0,0.4,2.0,2.4,0.8,0.1,0.1,0.6,1
David Lee,67,16.9,5.1,2.0,3.4,59.6,0.0,0.0,0.0,1.1,1.8,57.7,1.6,2.9,4.5,0.6,0.5,0.3,0.8,0
Travis Mays,64,33.5,14.3,4.6,11.3,40.6,1.1,3.1,36.5,4.0,5.2,77.0,0.8,1.9,2.8,4.0,1.3,0.2,2.5,0
Ron Harper,82,37.4,22.9,9.0,19.7,45.5,0.2,1.1,21.3,4.7,6.9,68.4,2.1,2.7,4.8,4.8,2.5,1.0,4.2,1
